Ano,DiaMes,LinhaAccu,Linhapred,LatitudePonto_19,LongitudePonto_12,TimeStamp_15,LatitudePonto_18,LongitudePonto_0,LongitudePonto_1,LongitudePonto_2,LongitudePonto_3,TimeStamp_2,TimeStamp_3,TimeStamp_0,TimeStamp_1,LongitudePonto_8,LongitudePonto_9,LatitudePonto_17,Onibus,LongitudePonto_10,TimeStamp_8,TimeStamp_9,TimeStamp_18,TimeStamp_19,LongitudePonto_11,Mes,LongitudePonto_17,TimeStamp_10,TimeStamp_11,TimeStamp_12,LongitudePonto,TimeStamp_14,Linha,TimeStamp_16,TimeStamp_17,TimeStamp_6,LongitudePonto_7,TimeStamp_7,TimeStamp,LongitudePonto_19,TimeStamp_4,LatitudePonto_13,LatitudePonto_14,TimeStamp_5,LatitudePonto,LatitudePonto_15,LongitudePonto_4,ID,LongitudePonto_18,LongitudePonto_5,Hora,Velocidade,TimeStamp_13,LongitudePonto_6,LatitudePonto_10,DescricaoPonto,LatitudePonto_16,LatitudePonto_11,NomePonto,LongitudePonto_13,LatitudePonto_8,LatitudePonto_9,LongitudePonto_16,LatitudePonto_12,LongitudePonto_14,LongitudePonto_15,LatitudePonto_2,LatitudePonto_3,LatitudePonto_0,LatitudePonto_1,LatitudePonto_6,LatitudePonto_7,LatitudePonto_4,LatitudePonto_5
2013,4,0.0778156,363,-22.90682,-43.171387,2013-10-04 13:43:46.573000+00:00,-22.906673,-43.171402,-43.171436,-43.171387,-43.171436,2013-10-04 14:21:56.090000+00:00,2013-10-04 14:19:09.130000+00:00,2013-10-04 14:27:08.810000+00:00,2013-10-04 14:24:42.993000+00:00,-43.171402,-43.171501,-22.906727,B31511,-43.171467,2013-10-04 14:03:51.790000+00:00,2013-10-04 14:00:40.140000+00:00,2013-10-04 13:06:36.017000+00:00,2013-10-04 12:59:33.357000+00:00,-43.171452,10,-43.171501,2013-10-04 13:58:26.713000+00:00,2013-10-04 13:55:16.253000+00:00,2013-10-04 13:52:21.537000+00:00,-43.171501,2013-10-04 13:46:44.967000+00:00,2295,2013-10-04 13:33:58.357000+00:00,2013-10-04 13:31:04.323000+00:00,2013-10-04 14:10:33.163000+00:00,-43.171421,2013-10-04 14:08:17.653000+00:00,2013-10-04 12:42:50.353 UTC,-43.171516,2013-10-04 14:16:23.200000+00:00,-22.906506,-22.906612,2013-10-04 14:13:22.260000+00:00,-22.906816,-22.906702,-43.171371,12493886,-43.171581,-43.171387,12,0,2013-10-04 13:49:32.983000+00:00,-43.171371,-22.906584,Data/Hora - 04/10/2013 12:36:41<br /><br /> Velocidade: 0 Km/h,-22.90675,-22.906538,2295 - B31511,-43.171436,-22.906832,-22.90675,-43.171486,-22.906487,-43.171421,-43.171402,-22.906849,-22.906796,-22.90686,-22.906921,-22.906788,-22.90682,-22.906767,-22.906778
2013,4,0.0693344,363,-22.90675,-43.171387,2013-10-04 14:13:22.260000+00:00,-22.906832,-43.171436,-43.171486,-43.171581,-43.171566,2013-10-04 14:53:18.333000+00:00,2013-10-04 14:50:59.200000+00:00,2013-10-04 14:57:19.267000+00:00,2013-10-04 14:55:13.143000+00:00,-43.171551,-43.171566,-22.90682,B31511,-43.171402,2013-10-04 14:32:03.757000+00:00,2013-10-04 14:29:27.237000+00:00,2013-10-04 14:03:51.790000+00:00,2013-10-04 14:00:40.140000+00:00,-43.171436,10,-43.171421,2013-10-04 14:27:08.810000+00:00,2013-10-04 14:24:42.993000+00:00,2013-10-04 14:21:56.090000+00:00,-43.171501,2013-10-04 14:16:23.200000+00:00,2295,2013-10-04 14:10:33.163000+00:00,2013-10-04 14:08:17.653000+00:00,2013-10-04 14:38:35.960000+00:00,-43.171516,2013-10-04 14:36:21.003000+00:00,2013-10-04 12:42:50.353 UTC,-43.171501,2013-10-04 14:48:57.403000+00:00,-22.906796,-22.906767,2013-10-04 14:44:40.623000+00:00,-22.906816,-22.906778,-43.171532,12493886,-43.171402,-43.171501,12,0,2013-10-04 14:19:09.130000+00:00,-43.171452,-22.90686,Data/Hora - 04/10/2013 12:36:41<br /><br /> Velocidade: 0 Km/h,-22.906788,-22.906921,2295 - B31511,-43.171436,-22.906811,-22.906811,-43.171371,-22.906849,-43.171371,-43.171387,-22.906803,-22.906792,-22.90682,-22.906807,-22.90682,-22.90682,-22.906824,-22.906811
2013,4,0.0655743,363,-22.906811,-43.171581,2013-10-04 14:44:40.623000+00:00,-22.906811,-43.171421,-43.171452,-43.171501,-43.171581,2013-10-04 15:31:35.570000+00:00,2013-10-04 15:26:47.913000+00:00,2013-10-04 15:36:46.177000+00:00,2013-10-04 15:33:40.487000+00:00,-43.171501,-43.171467,-22.90682,B31511,-43.171436,2013-10-04 15:08:01.763000+00:00,2013-10-04 15:03:43.663000+00:00,2013-10-04 14:32:03.757000+00:00,2013-10-04 14:29:27.237000+00:00,-43.171486,10,-43.171516,2013-10-04 14:57:19.267000+00:00,2013-10-04 14:55:13.143000+00:00,2013-10-04 14:53:18.333000+00:00,-43.171501,2013-10-04 14:48:57.403000+00:00,2295,2013-10-04 14:38:35.960000+00:00,2013-10-04 14:36:21.003000+00:00,2013-10-04 15:14:56.090000+00:00,-43.171532,2013-10-04 15:10:09.310000+00:00,2013-10-04 12:42:50.353 UTC,-43.171566,2013-10-04 15:24:04.257000+00:00,-22.906792,-22.906824,2013-10-04 15:19:09.797000+00:00,-22.906816,-22.906811,-43.171551,12493886,-43.171551,-43.171566,12,0,2013-10-04 14:50:59.200000+00:00,-43.171501,-22.90682,Data/Hora - 04/10/2013 12:36:41<br /><br /> Velocidade: 0 Km/h,-22.90682,-22.906807,2295 - B31511,-43.171566,-22.906857,-22.906914,-43.171452,-22.906803,-43.171532,-43.171501,-22.906897,-22.906849,-22.906921,-22.906889,-22.906893,-22.906836,-22.906925,-22.906914
2013,4,0.0744632,864,-22.906918,-43.555752,2013-10-04 15:26:47.913000+00:00,-22.901974,-43.555714,-43.555706,-43.555737,-43.555737,2013-10-04 16:09:47.900000+00:00,2013-10-04 16:06:23.863000+00:00,2013-10-04 16:16:41.087000+00:00,2013-10-04 16:12:52.230000+00:00,-43.555752,-43.555737,-22.902197,D86273,-43.555706,2013-10-04 15:50:52.827000+00:00,2013-10-04 15:46:49.637000+00:00,2013-10-04 15:14:56.090000+00:00,2013-10-04 15:12:36.883000+00:00,-43.555714,10,-43.554844,2013-10-04 15:44:39.553000+00:00,2013-10-04 15:39:50.250000+00:00,2013-10-04 15:36:46.177000+00:00,-43.583977,2013-10-04 15:31:35.570000+00:00,867,2013-10-04 15:24:04.257000+00:00,2013-10-04 15:19:09.797000+00:00,2013-10-04 15:56:21.023000+00:00,-43.555744,2013-10-04 15:53:26.537000+00:00,2013-10-04 13:31:04.323 UTC,-43.561012,2013-10-04 16:03:10.053000+00:00,-22.903084,-22.90312,2013-10-04 15:59:32.620000+00:00,-22.994865,-22.903137,-43.555744,12515170,-43.556431,-43.555771,13,29,2013-10-04 15:33:40.487000+00:00,-43.555744,-22.903076,Data/Hora - 04/10/2013 13:28:33<br /><br /> Velocidade: 29 Km/h,-22.902994,-22.903051,867 - D86273,-43.555779,-22.903116,-22.90313,-43.555752,-22.903076,-43.555763,-43.555721,-22.903027,-22.903023,-22.903048,-22.90304,-22.903076,-22.903093,-22.903023,-22.903015
2013,4,0.0843283,864,-22.905632,-43.555752,2013-10-04 14:08:17.653000+00:00,-22.901924,-43.555641,-43.555706,-43.555752,-43.555801,2013-10-04 15:53:26.537000+00:00,2013-10-04 15:50:52.827000+00:00,2013-10-04 15:59:32.620000+00:00,2013-10-04 15:56:21.023000+00:00,-43.555714,-43.555721,-22.902222,D86168,-43.555737,2013-10-04 15:33:40.487000+00:00,2013-10-04 15:31:35.570000+00:00,2013-10-04 13:58:26.713000+00:00,2013-10-04 13:55:16.253000+00:00,-43.555622,10,-43.555054,2013-10-04 15:26:47.913000+00:00,2013-10-04 15:14:56.090000+00:00,2013-10-04 14:44:40.623000+00:00,-43.61792,2013-10-04 14:13:22.260000+00:00,852,2013-10-04 14:03:51.790000+00:00,2013-10-04 14:00:40.140000+00:00,2013-10-04 15:39:50.250000+00:00,-43.555672,2013-10-04 15:36:46.177000+00:00,2013-10-04 12:42:50.353 UTC,-43.558758,2013-10-04 15:46:49.637000+00:00,-22.903093,-22.903109,2013-10-04 15:44:39.553000+00:00,-22.994978,-22.903109,-43.555706,12489239,-43.551399,-43.555687,12,16,2013-10-04 14:16:23.200000+00:00,-43.55563,-22.903166,Data/Hora - 04/10/2013 12:37:23<br /><br /> Velocidade: 16 Km/h,-22.903126,-22.903187,852 - D86168,-43.555737,-22.903162,-22.903187,-43.555721,-22.903158,-43.555744,-43.555752,-22.90321,-22.903242,-22.90312,-22.903181,-22.903149,-22.903162,-22.903154,-22.903145
2013,4,0.0810387,864,-22.903187,-43.555752,2013-10-04 15:44:39.553000+00:00,-22.903162,-43.555649,-43.555698,-43.555687,-43.555679,2013-10-04 16:28:01.803000+00:00,2013-10-04 16:23:30.773000+00:00,2013-10-04 16:33:30.647000+00:00,2013-10-04 16:30:55.673000+00:00,-43.555664,-43.555672,-22.903162,D86168,-43.555641,2013-10-04 16:06:23.863000+00:00,2013-10-04 16:03:10.053000+00:00,2013-10-04 15:33:40.487000+00:00,2013-10-04 15:31:35.570000+00:00,-43.555706,10,-43.555672,2013-10-04 15:59:32.620000+00:00,2013-10-04 15:56:21.023000+00:00,2013-10-04 15:53:26.537000+00:00,-43.61792,2013-10-04 15:46:49.637000+00:00,852,2013-10-04 15:39:50.250000+00:00,2013-10-04 15:36:46.177000+00:00,2013-10-04 16:12:52.230000+00:00,-43.555649,2013-10-04 16:09:47.900000+00:00,2013-10-04 12:42:50.353 UTC,-43.555721,2013-10-04 16:18:54.803000+00:00,-22.903242,-22.903154,2013-10-04 16:16:41.087000+00:00,-22.994978,-22.903145,-43.555679,12489239,-43.555714,-43.555614,12,16,2013-10-04 15:50:52.827000+00:00,-43.555664,-22.90312,Data/Hora - 04/10/2013 12:37:23<br /><br /> Velocidade: 16 Km/h,-22.903149,-22.903181,852 - D86168,-43.555801,-22.903145,-22.903145,-43.55563,-22.90321,-43.555706,-43.555687,-22.903109,-22.903105,-22.903149,-22.903088,-22.90313,-22.903141,-22.90308,-22.903137
2013,4,0.0659838,125,-22.95739,-43.177376,2013-10-04 13:39:18.733000+00:00,-22.95739,-43.177376,-43.177376,-43.177376,-43.177376,2013-10-04 14:21:56.090000+00:00,2013-10-04 14:16:23.200000+00:00,2013-10-04 14:27:08.810000+00:00,2013-10-04 14:24:42.993000+00:00,-43.177376,-43.177376,-22.95739,C41049,-43.177376,2013-10-04 14:00:40.140000+00:00,2013-10-04 13:58:26.713000+00:00,2013-10-04 13:31:04.323000+00:00,2013-10-04 13:06:36.017000+00:00,-43.177376,10,-43.177376,2013-10-04 13:55:16.253000+00:00,2013-10-04 13:52:21.537000+00:00,2013-10-04 13:49:32.983000+00:00,-43.177376,2013-10-04 13:43:46.573000+00:00,318,2013-10-04 13:36:46.890000+00:00,2013-10-04 13:33:58.357000+00:00,2013-10-04 14:08:17.653000+00:00,-43.177376,2013-10-04 14:03:51.790000+00:00,2013-10-04 12:59:33.357 UTC,-43.177376,2013-10-04 14:13:22.260000+00:00,-22.95739,-22.95739,2013-10-04 14:10:33.163000+00:00,-22.95739,-22.95739,-43.177376,12495384,-43.177376,-43.177376,12,70,2013-10-04 13:46:44.967000+00:00,-43.177376,-22.95739,Data/Hora - 04/10/2013 12:57:15<br /><br /> Velocidade: 70 Km/h,-22.95739,-22.95739,318 - C41049,-43.177376,-22.95739,-22.95739,-43.177376,-22.95739,-43.177376,-43.177376,-22.95739,-22.95739,-22.95739,-22.95739,-22.95739,-22.95739,-22.95739,-22.95739
2013,4,0.0658875,125,-22.95739,-43.177376,2013-10-04 14:10:33.163000+00:00,-22.95739,-43.177376,-43.177376,-43.177376,-43.177376,2013-10-04 14:53:18.333000+00:00,2013-10-04 14:50:59.200000+00:00,2013-10-04 14:57:19.267000+00:00,2013-10-04 14:55:13.143000+00:00,-43.177376,-43.177376,-22.95739,C41049,-43.177376,2013-10-04 14:32:03.757000+00:00,2013-10-04 14:29:27.237000+00:00,2013-10-04 14:00:40.140000+00:00,2013-10-04 13:58:26.713000+00:00,-43.177376,10,-43.177376,2013-10-04 14:27:08.810000+00:00,2013-10-04 14:24:42.993000+00:00,2013-10-04 14:21:56.090000+00:00,-43.177376,2013-10-04 14:13:22.260000+00:00,318,2013-10-04 14:08:17.653000+00:00,2013-10-04 14:03:51.790000+00:00,2013-10-04 14:38:35.960000+00:00,-43.177376,2013-10-04 14:36:21.003000+00:00,2013-10-04 12:59:33.357 UTC,-43.177376,2013-10-04 14:46:48.380000+00:00,-22.95739,-22.95739,2013-10-04 14:44:40.623000+00:00,-22.95739,-22.95739,-43.177376,12495384,-43.177376,-43.177376,12,70,2013-10-04 14:16:23.200000+00:00,-43.177376,-22.95739,Data/Hora - 04/10/2013 12:57:15<br /><br /> Velocidade: 70 Km/h,-22.95739,-22.95739,318 - C41049,-43.177376,-22.95739,-22.95739,-43.177376,-22.95739,-43.177376,-43.177376,-22.95739,-22.95739,-22.95739,-22.95739,-22.95739,-22.95739,-22.95739,-22.95739
2013,4,0.0658073,125,-22.95739,-43.177376,2013-10-04 14:44:40.623000+00:00,-22.95739,-43.177376,-43.177376,-43.177376,-43.177376,2013-10-04 15:26:47.913000+00:00,2013-10-04 15:24:04.257000+00:00,2013-10-04 15:33:40.487000+00:00,2013-10-04 15:31:35.570000+00:00,-43.177376,-43.177376,-22.95739,C41049,-43.177376,2013-10-04 15:08:01.763000+00:00,2013-10-04 15:03:43.663000+00:00,2013-10-04 14:32:03.757000+00:00,2013-10-04 14:29:27.237000+00:00,-43.177376,10,-43.177376,2013-10-04 14:57:19.267000+00:00,2013-10-04 14:55:13.143000+00:00,2013-10-04 14:53:18.333000+00:00,-43.177376,2013-10-04 14:46:48.380000+00:00,318,2013-10-04 14:38:35.960000+00:00,2013-10-04 14:36:21.003000+00:00,2013-10-04 15:12:36.883000+00:00,-43.177376,2013-10-04 15:10:09.310000+00:00,2013-10-04 12:59:33.357 UTC,-43.177376,2013-10-04 15:19:09.797000+00:00,-22.95739,-22.95739,2013-10-04 15:14:56.090000+00:00,-22.95739,-22.95739,-43.177376,12495384,-43.177376,-43.177376,12,70,2013-10-04 14:50:59.200000+00:00,-43.177376,-22.95739,Data/Hora - 04/10/2013 12:57:15<br /><br /> Velocidade: 70 Km/h,-22.95739,-22.95739,318 - C41049,-43.177376,-22.95739,-22.95739,-43.177376,-22.95739,-43.177376,-43.177376,-22.95739,-22.95739,-22.95739,-22.95739,-22.95739,-22.95739,-22.95739,-22.95739
2013,4,0.0657115,125,-22.95739,-43.177376,2013-10-04 15:14:56.090000+00:00,-22.95739,-43.177376,-43.177376,-43.177376,-43.177376,2013-10-04 15:59:32.620000+00:00,2013-10-04 15:56:21.023000+00:00,2013-10-04 16:06:23.863000+00:00,2013-10-04 16:03:10.053000+00:00,-43.177376,-43.177376,-22.95739,C41049,-43.177376,2013-10-04 15:39:50.250000+00:00,2013-10-04 15:36:46.177000+00:00,2013-10-04 15:08:01.763000+00:00,2013-10-04 15:03:43.663000+00:00,-43.177376,10,-43.177376,2013-10-04 15:33:40.487000+00:00,2013-10-04 15:31:35.570000+00:00,2013-10-04 15:26:47.913000+00:00,-43.177376,2013-10-04 15:19:09.797000+00:00,318,2013-10-04 15:12:36.883000+00:00,2013-10-04 15:10:09.310000+00:00,2013-10-04 15:46:49.637000+00:00,-43.177376,2013-10-04 15:44:39.553000+00:00,2013-10-04 12:59:33.357 UTC,-43.177376,2013-10-04 15:53:26.537000+00:00,-22.95739,-22.95739,2013-10-04 15:50:52.827000+00:00,-22.95739,-22.95739,-43.177376,12495384,-43.177376,-43.177376,12,70,2013-10-04 15:24:04.257000+00:00,-43.177376,-22.95739,Data/Hora - 04/10/2013 12:57:15<br /><br /> Velocidade: 70 Km/h,-22.95739,-22.95739,318 - C41049,-43.177376,-22.95739,-22.95739,-43.177376,-22.95739,-43.177376,-43.177376,-22.95739,-22.95739,-22.95739,-22.95739,-22.95739,-22.95739,-22.95739,-22.95739
2013,4,0.0656176,125,-22.95739,-43.177376,2013-10-04 15:50:52.827000+00:00,-22.95739,-43.177376,-43.177376,-43.177376,-43.177376,2013-10-04 16:40:29.663000+00:00,2013-10-04 16:35:37.943000+00:00,2013-10-04 17:51:35.777000+00:00,2013-10-04 16:45:35.423000+00:00,-43.177376,-43.177376,-22.95739,C41049,-43.177376,2013-10-04 16:12:52.230000+00:00,2013-10-04 16:09:47.900000+00:00,2013-10-04 15:39:50.250000+00:00,2013-10-04 15:36:46.177000+00:00,-43.177376,10,-43.177376,2013-10-04 16:06:23.863000+00:00,2013-10-04 16:03:10.053000+00:00,2013-10-04 15:59:32.620000+00:00,-43.177376,2013-10-04 15:53:26.537000+00:00,318,2013-10-04 15:46:49.637000+00:00,2013-10-04 15:44:39.553000+00:00,2013-10-04 16:18:54.803000+00:00,-43.177376,2013-10-04 16:16:41.087000+00:00,2013-10-04 12:59:33.357 UTC,-43.177376,2013-10-04 16:33:30.647000+00:00,-22.95739,-22.95739,2013-10-04 16:23:30.773000+00:00,-22.95739,-22.95739,-43.177376,12495384,-43.177376,-43.177376,12,70,2013-10-04 15:56:21.023000+00:00,-43.177376,-22.95739,Data/Hora - 04/10/2013 12:57:15<br /><br /> Velocidade: 70 Km/h,-22.95739,-22.95739,318 - C41049,-43.177376,-22.95739,-22.95739,-43.177376,-22.95739,-43.177376,-43.177376,-22.95739,-22.95739,-22.95739,-22.95739,-22.95739,-22.95739,-22.95739,-22.95739
2013,4,0.0656373,413,-22.95739,-43.177376,2013-10-04 16:23:30.773000+00:00,-22.95739,-43.177376,-43.177376,-43.177376,-43.177376,2013-10-04 23:15:52.163000+00:00,2013-10-04 23:12:49.020000+00:00,2013-10-04 23:24:03.803000+00:00,2013-10-04 23:18:42.690000+00:00,-43.177376,-43.177376,-22.95739,C41049,-43.177376,2013-10-04 18:44:54.553000+00:00,2013-10-04 17:55:08.773000+00:00,2013-10-04 16:12:52.230000+00:00,2013-10-04 16:09:47.900000+00:00,-43.177376,10,-43.177376,2013-10-04 17:51:35.777000+00:00,2013-10-04 16:45:35.423000+00:00,2013-10-04 16:40:29.663000+00:00,-43.177376,2013-10-04 16:33:30.647000+00:00,318,2013-10-04 16:18:54.803000+00:00,2013-10-04 16:16:41.087000+00:00,2013-10-04 23:03:03.353000+00:00,-43.177376,2013-10-04 22:59:33.393000+00:00,2013-10-04 12:59:33.357 UTC,-43.177376,2013-10-04 23:10:16.447000+00:00,-22.95739,-22.95739,2013-10-04 23:06:40.747000+00:00,-22.95739,-22.95739,-43.177376,12495384,-43.177376,-43.177376,12,70,2013-10-04 16:35:37.943000+00:00,-43.177376,-22.95739,Data/Hora - 04/10/2013 12:57:15<br /><br /> Velocidade: 70 Km/h,-22.95739,-22.95739,318 - C41049,-43.177376,-22.95739,-22.95739,-43.177376,-22.95739,-43.177376,-43.177376,-22.95739,-22.95739,-22.95739,-22.95739,-22.95739,-22.95739,-22.95739,-22.95739
2013,4,0.0822205,864,-22.90304,-43.55547,2013-10-04 15:36:46.177000+00:00,-22.902975,-43.555542,-43.555527,-43.555519,-43.555462,2013-10-04 16:18:54.803000+00:00,2013-10-04 16:16:41.087000+00:00,2013-10-04 16:28:01.803000+00:00,2013-10-04 16:23:30.773000+00:00,-43.555508,-43.555485,-22.903055,D86261,-43.555485,2013-10-04 15:59:32.620000+00:00,2013-10-04 15:56:21.023000+00:00,2013-10-04 15:14:56.090000+00:00,2013-10-04 15:12:36.883000+00:00,-43.555477,10,-43.555454,2013-10-04 15:53:26.537000+00:00,2013-10-04 15:50:52.827000+00:00,2013-10-04 15:46:49.637000+00:00,-43.555527,2013-10-04 15:39:50.250000+00:00,867,2013-10-04 15:33:40.487000+00:00,2013-10-04 15:31:35.570000+00:00,2013-10-04 16:06:23.863000+00:00,-43.555534,2013-10-04 16:03:10.053000+00:00,2013-10-04 14:44:40.623 UTC,-43.555542,2013-10-04 16:12:52.230000+00:00,-22.903011,-22.903027,2013-10-04 16:09:47.900000+00:00,-22.903072,-22.903048,-43.555477,12662131,-43.55555,-43.555462,14,0,2013-10-04 15:44:39.553000+00:00,-43.555527,-22.902975,Data/Hora - 04/10/2013 14:40:02<br /><br /> Velocidade: 0 Km/h,-22.90304,-22.902979,867 - D86261,-43.555485,-22.903072,-22.903044,-43.555492,-22.902983,-43.555527,-43.555492,-22.903011,-22.902983,-22.902987,-22.902998,-22.903019,-22.902998,-22.903011,-22.90299
2013,4,0.0889726,181,-22.898869,-43.231251,2013-10-04 16:18:54.803000+00:00,-22.898905,-43.207863,-43.207764,-43.207958,-43.207909,2013-10-04 23:12:49.020000+00:00,2013-10-04 23:10:16.447000+00:00,2013-10-04 23:18:42.690000+00:00,2013-10-04 23:15:52.163000+00:00,-43.239193,-43.237385,-22.899374,C41867,-43.237988,2013-10-04 17:55:08.773000+00:00,2013-10-04 17:51:35.777000+00:00,2013-10-04 16:09:47.900000+00:00,2013-10-04 16:06:23.863000+00:00,-43.234993,10,-43.207928,2013-10-04 16:45:35.423000+00:00,2013-10-04 16:40:29.663000+00:00,2013-10-04 16:30:55.673000+00:00,-43.168247,2013-10-04 16:23:30.773000+00:00,2018,2013-10-04 16:16:41.087000+00:00,2013-10-04 16:12:52.230000+00:00,2013-10-04 22:59:33.393000+00:00,-43.212208,2013-10-04 18:44:54.553000+00:00,2013-10-04 12:42:50.353 UTC,-43.207714,2013-10-04 23:06:40.747000+00:00,-22.881731,-22.883894,2013-10-04 23:03:03.353000+00:00,-22.911377,-22.899927,-43.207878,12491968,-43.207714,-43.207943,12,19,2013-10-04 16:28:01.803000+00:00,-43.207863,-22.857637,Data/Hora - 04/10/2013 12:37:12<br /><br /> Velocidade: 19 Km/h,-22.901791,-22.863525,2018 - C41867,-43.230305,-22.854033,-22.831747,-43.208218,-22.880302,-43.228481,-43.217739,-22.902351,-22.902327,-22.902315,-22.902311,-22.902351,-22.907068,-22.902372,-22.902351
2013,4,0.097104,328,-22.80414,-43.186852,2013-10-04 13:36:46.890000+00:00,-22.815041,-43.187382,-43.187382,-43.18745,-43.187729,2013-10-04 18:44:54.553000+00:00,2013-10-04 16:33:30.647000+00:00,2013-10-04 23:29:54.693000+00:00,2013-10-04 22:59:33.393000+00:00,-43.186958,-43.187141,-22.81506,B10145,-43.187141,2013-10-04 14:55:13.143000+00:00,2013-10-04 14:53:18.333000+00:00,2013-10-04 13:06:36.017000+00:00,2013-10-04 12:59:33.357000+00:00,-43.186852,10,-43.186939,2013-10-04 14:50:59.200000+00:00,2013-10-04 14:44:40.623000+00:00,2013-10-04 14:19:09.130000+00:00,-43.162941,2013-10-04 13:41:30.060000+00:00,914,2013-10-04 13:33:58.357000+00:00,2013-10-04 13:31:04.323000+00:00,2013-10-04 15:03:43.663000+00:00,-43.18692,2013-10-04 14:57:19.267000+00:00,2013-10-04 12:42:50.353 UTC,-43.181759,2013-10-04 15:59:32.620000+00:00,-22.81497,-22.81497,2013-10-04 15:24:04.257000+00:00,-22.788719,-22.814699,-43.189461,12487043,-43.18784,-43.187531,12,38,2013-10-04 13:43:46.573000+00:00,-43.18755,-22.81526,Data/Hora - 04/10/2013 12:36:59<br /><br /> Velocidade: 38 Km/h,-22.814699,-22.81497,914 - B10145,-43.186852,-22.81522,-22.81526,-43.18697,-22.81497,-43.186852,-43.18697,-22.815161,-22.814381,-22.815269,-22.815269,-22.81435,-22.81505,-22.817011,-22.814449
2013,4,0.096167,2336,-22.90794,-43.175385,2013-10-04 15:12:36.883000+00:00,-22.918461,-43.175385,-43.175385,-43.175385,-43.175385,2013-10-04 15:56:21.023000+00:00,2013-10-04 15:53:26.537000+00:00,2013-10-04 16:03:10.053000+00:00,2013-10-04 15:59:32.620000+00:00,-43.175385,-43.175385,-22.918461,C47986,-43.175385,2013-10-04 15:36:46.177000+00:00,2013-10-04 15:33:40.487000+00:00,2013-10-04 15:03:43.663000+00:00,2013-10-04 14:57:19.267000+00:00,-43.175385,10,-43.175385,2013-10-04 15:31:35.570000+00:00,2013-10-04 15:26:47.913000+00:00,2013-10-04 15:24:04.257000+00:00,-43.254131,2013-10-04 15:14:56.090000+00:00,2112,2013-10-04 15:10:09.310000+00:00,2013-10-04 15:08:01.763000+00:00,2013-10-04 15:44:39.553000+00:00,-43.175385,2013-10-04 15:39:50.250000+00:00,2013-10-04 12:42:50.353 UTC,-43.176628,2013-10-04 15:50:52.827000+00:00,-22.918461,-22.918461,2013-10-04 15:46:49.637000+00:00,-22.871864,-22.918461,-43.175385,12487058,-43.175385,-43.175385,12,47,2013-10-04 15:19:09.797000+00:00,-43.175385,-22.918461,Data/Hora - 04/10/2013 12:37:19<br /><br /> Velocidade: 47 Km/h,-22.918461,-22.918461,2112 - C47986,-43.175385,-22.918461,-22.918461,-43.175385,-22.918461,-43.175385,-43.175385,-22.918461,-22.918461,-22.918461,-22.918461,-22.918461,-22.918461,-22.918461,-22.918461
2013,4,0.0940079,512,-22.9024,-43.1966,2013-10-04 13:46:44.967000+00:00,-22.9024,-43.1965,-43.1965,-43.1964,-43.1964,2013-10-04 16:06:23.863000+00:00,2013-10-04 15:59:32.620000+00:00,2013-10-04 16:12:52.230000+00:00,2013-10-04 16:09:47.900000+00:00,-43.1964,-43.1964,-22.9024,A37575,-43.1964,2013-10-04 15:44:39.553000+00:00,2013-10-04 15:39:50.250000+00:00,2013-10-04 13:36:46.890000+00:00,2013-10-04 13:33:58.357000+00:00,-43.1966,10,-43.1964,2013-10-04 15:36:46.177000+00:00,2013-10-04 14:50:59.200000+00:00,2013-10-04 14:38:35.960000+00:00,-43.1964,2013-10-04 13:49:32.983000+00:00,512,2013-10-04 13:43:46.573000+00:00,2013-10-04 13:41:30.060000+00:00,2013-10-04 15:50:52.827000+00:00,-43.1964,2013-10-04 15:46:49.637000+00:00,2013-10-04 13:31:04.323 UTC,-43.1964,2013-10-04 15:56:21.023000+00:00,-22.9022,-22.9022,2013-10-04 15:53:26.537000+00:00,-22.9024,-22.902,-43.1964,12512582,-43.1964,-43.1964,13,0,2013-10-04 13:52:21.537000+00:00,-43.1964,-22.9016,Data/Hora - 04/10/2013 13:28:36<br /><br /> Velocidade: 0 Km/h,-22.9024,-22.9023,512 - A37575,-43.1966,-22.9016,-22.9016,-43.1964,-22.9023,-43.1966,-43.1966,-22.9018,-22.9018,-22.9018,-22.9018,-22.9017,-22.9016,-22.9017,-22.9017
2013,4,0.0959877,512,-22.9016,-43.1964,2013-10-04 15:53:26.537000+00:00,-22.9016,-43.1964,-43.1964,-43.1964,-43.1965,2013-10-04 16:40:29.663000+00:00,2013-10-04 16:35:37.943000+00:00,2013-10-04 17:51:35.777000+00:00,2013-10-04 16:45:35.423000+00:00,-43.1965,-43.1965,-22.9016,A37575,-43.1965,2013-10-04 16:18:54.803000+00:00,2013-10-04 16:16:41.087000+00:00,2013-10-04 15:44:39.553000+00:00,2013-10-04 15:39:50.250000+00:00,-43.1965,10,-43.1964,2013-10-04 16:12:52.230000+00:00,2013-10-04 16:09:47.900000+00:00,2013-10-04 16:06:23.863000+00:00,-43.1964,2013-10-04 15:56:21.023000+00:00,512,2013-10-04 15:50:52.827000+00:00,2013-10-04 15:46:49.637000+00:00,2013-10-04 16:28:01.803000+00:00,-43.1965,2013-10-04 16:26:03.080000+00:00,2013-10-04 13:31:04.323 UTC,-43.1964,2013-10-04 16:33:30.647000+00:00,-22.9018,-22.9017,2013-10-04 16:30:55.673000+00:00,-22.9024,-22.9017,-43.1965,12512582,-43.1964,-43.1965,13,0,2013-10-04 15:59:32.620000+00:00,-43.1965,-22.9018,Data/Hora - 04/10/2013 13:28:36<br /><br /> Velocidade: 0 Km/h,-22.9017,-22.9018,512 - A37575,-43.1964,-22.9019,-22.9018,-43.1964,-22.9018,-43.1964,-43.1964,-22.9017,-22.9018,-22.9019,-22.9017,-22.9018,-22.9018,-22.9018,-22.9018
2013,4,0.098352,398,-22.895792,-43.561279,2013-10-04 13:43:46.573000+00:00,-22.895769,-43.562874,-43.561329,-43.560692,-43.561539,2013-10-04 15:10:09.310000+00:00,2013-10-04 15:08:01.763000+00:00,2013-10-04 15:14:56.090000+00:00,2013-10-04 15:12:36.883000+00:00,-43.561245,-43.56123,-22.895781,D59087,-43.561214,2013-10-04 14:03:51.790000+00:00,2013-10-04 14:00:40.140000+00:00,2013-10-04 13:33:58.357000+00:00,2013-10-04 13:31:04.323000+00:00,-43.561295,10,-43.560741,2013-10-04 13:58:26.713000+00:00,2013-10-04 13:55:16.253000+00:00,2013-10-04 13:52:21.537000+00:00,-43.561142,2013-10-04 13:46:44.967000+00:00,790,2013-10-04 13:39:18.733000+00:00,2013-10-04 13:36:46.890000+00:00,2013-10-04 14:10:33.163000+00:00,-43.561264,2013-10-04 14:06:25.840000+00:00,2013-10-04 12:59:33.357 UTC,-43.560726,2013-10-04 14:38:35.960000+00:00,-22.895723,-22.895741,2013-10-04 14:13:22.260000+00:00,-22.895853,-22.895735,-43.561279,12494072,-43.560749,-43.561272,12,0,2013-10-04 13:49:32.983000+00:00,-43.561272,-22.895756,Data/Hora - 04/10/2013 12:55:29<br /><br /> Velocidade: 0 Km/h,-22.895769,-22.895769,790 - D59087,-43.561272,-22.895802,-22.895788,-43.560741,-22.895788,-43.560749,-43.560741,-22.894718,-22.895638,-22.899914,-22.899525,-22.895683,-22.895699,-22.895741,-22.895712
2013,4,0.0953225,110,-22.912,-43.2045,2013-10-04 16:33:30.647000+00:00,-22.9053,-43.2408,-43.2405,-43.2097,-43.2083,2013-10-04 23:18:42.690000+00:00,2013-10-04 23:15:52.163000+00:00,2013-10-04 23:29:54.693000+00:00,2013-10-04 23:24:03.803000+00:00,-43.208,-43.2173,-22.9009,A41315,-43.1914,2013-10-04 22:59:33.393000+00:00,2013-10-04 18:44:54.553000+00:00,2013-10-04 16:26:03.080000+00:00,2013-10-04 16:18:54.803000+00:00,-43.1916,10,-43.1767,2013-10-04 17:55:08.773000+00:00,2013-10-04 17:51:35.777000+00:00,2013-10-04 16:45:35.423000+00:00,-43.1772,2013-10-04 16:35:37.943000+00:00,172,2013-10-04 16:30:55.673000+00:00,2013-10-04 16:28:01.803000+00:00,2013-10-04 23:06:40.747000+00:00,-43.2081,2013-10-04 23:04:08.660000+00:00,2013-10-04 12:42:50.353 UTC,-43.1732,2013-10-04 23:12:49.020000+00:00,-22.899,-22.8973,2013-10-04 23:10:16.447000+00:00,-22.8994,-22.8948,-43.2081,12490921,-43.1735,-43.208,12,15,2013-10-04 16:40:29.663000+00:00,-43.208,-22.9025,Data/Hora - 04/10/2013 12:34:20<br /><br /> Velocidade: 15 Km/h,-22.8996,-22.9028,172 - A41315,-43.1979,-22.9018,-22.964,-43.1777,-22.9003,-43.1894,-43.1863,-22.9045,-22.9018,-22.8753,-22.8784,-22.9019,-22.9018,-22.9019,-22.9018
2013,4,0.0808942,398,-22.895691,-43.561394,2013-10-04 14:13:22.260000+00:00,-22.895695,-43.556728,-43.556728,-43.556728,-43.557014,2013-10-04 16:16:41.087000+00:00,2013-10-04 16:12:52.230000+00:00,2013-10-04 16:23:30.773000+00:00,2013-10-04 16:18:54.803000+00:00,-43.561272,-43.561272,-22.895683,D59109,-43.561386,2013-10-04 15:24:04.257000+00:00,2013-10-04 15:03:43.663000+00:00,2013-10-04 14:03:51.790000+00:00,2013-10-04 14:00:40.140000+00:00,-43.561401,10,-43.561207,2013-10-04 14:57:19.267000+00:00,2013-10-04 14:55:13.143000+00:00,2013-10-04 14:53:18.333000+00:00,-43.477531,2013-10-04 14:44:40.623000+00:00,790,2013-10-04 14:10:33.163000+00:00,2013-10-04 14:06:25.840000+00:00,2013-10-04 16:03:10.053000+00:00,-43.56123,2013-10-04 15:56:21.023000+00:00,2013-10-04 12:42:50.353 UTC,-43.56118,2013-10-04 16:09:47.900000+00:00,-22.895863,-22.89567,2013-10-04 16:06:23.863000+00:00,-22.867504,-22.895699,-43.561653,12490968,-43.561172,-43.559269,12,11,2013-10-04 14:50:59.200000+00:00,-43.56123,-22.895863,Data/Hora - 04/10/2013 12:37:35<br /><br /> Velocidade: 11 Km/h,-22.895699,-22.895849,790 - D59109,-43.561401,-22.895731,-22.89572,-43.561199,-22.895878,-43.561199,-43.561192,-22.901411,-22.901449,-22.901396,-22.901421,-22.895735,-22.895735,-22.89958,-22.895243
2013,4,0.0872441,398,-22.895802,-43.561134,2013-10-04 15:12:36.883000+00:00,-22.895802,-43.557163,-43.557171,-43.557007,-43.557022,2013-10-04 16:18:54.803000+00:00,2013-10-04 16:16:41.087000+00:00,2013-10-04 16:28:01.803000+00:00,2013-10-04 16:23:30.773000+00:00,-43.561207,-43.561199,-22.895699,D59076,-43.561222,2013-10-04 15:39:50.250000+00:00,2013-10-04 15:36:46.177000+00:00,2013-10-04 14:32:03.757000+00:00,2013-10-04 14:29:27.237000+00:00,-43.561264,10,-43.560684,2013-10-04 15:33:40.487000+00:00,2013-10-04 15:26:47.913000+00:00,2013-10-04 15:24:04.257000+00:00,-43.336475,2013-10-04 15:14:56.090000+00:00,790,2013-10-04 14:38:35.960000+00:00,2013-10-04 14:34:22.347000+00:00,2013-10-04 16:06:23.863000+00:00,-43.561417,2013-10-04 16:03:10.053000+00:00,2013-10-04 12:42:50.353 UTC,-43.560768,2013-10-04 16:12:52.230000+00:00,-22.896847,-22.896257,2013-10-04 16:09:47.900000+00:00,-22.865435,-22.895683,-43.562012,12493298,-43.560757,-43.564674,12,29,2013-10-04 15:19:09.797000+00:00,-43.559067,-22.895741,Data/Hora - 04/10/2013 12:34:23<br /><br /> Velocidade: 29 Km/h,-22.895735,-22.896929,790 - D59076,-43.561192,-22.89583,-22.895842,-43.560833,-22.896912,-43.561501,-43.560783,-22.901482,-22.901485,-22.901468,-22.901478,-22.898962,-22.895712,-22.902454,-22.902132
2013,4,0.0814016,328,-22.812719,-43.18742,2013-10-04 23:10:16.447000+00:00,-22.81538,-43.18742,-43.18742,-43.18742,-43.18742,2013-10-04 23:52:42.820000+00:00,2013-10-04 23:50:08.487000+00:00,2013-10-04 23:59:06.327000+00:00,2013-10-04 23:56:32.120000+00:00,-43.18742,-43.18742,-22.81538,B10018,-43.18742,2013-10-04 23:33:11.963000+00:00,2013-10-04 23:29:54.693000+00:00,2013-10-04 22:59:33.393000+00:00,2013-10-04 18:44:54.553000+00:00,-43.18742,10,-43.18742,2013-10-04 23:26:41.817000+00:00,2013-10-04 23:24:03.803000+00:00,2013-10-04 23:18:42.690000+00:00,-43.21106,2013-10-04 23:12:49.020000+00:00,934,2013-10-04 23:06:40.747000+00:00,2013-10-04 23:03:03.353000+00:00,2013-10-04 23:38:41.397000+00:00,-43.18742,2013-10-04 23:35:35.293000+00:00,2013-10-04 12:42:50.353 UTC,-43.190811,2013-10-04 23:46:27.780000+00:00,-22.81538,-22.81538,2013-10-04 23:43:48.313000+00:00,-22.805111,-22.81538,-43.18742,12493765,-43.18742,-43.18742,12,0,2013-10-04 23:15:52.163000+00:00,-43.18742,-22.81538,Data/Hora - 04/10/2013 12:36:41<br /><br /> Velocidade: 0 Km/h,-22.81538,-22.81538,934 - B10018,-43.18742,-22.81538,-22.81538,-43.18742,-22.81538,-43.18742,-43.18742,-22.81538,-22.81538,-22.81538,-22.81538,-22.81538,-22.81538,-22.81538,-22.81538
2013,4,0.0817198,864,-22.903088,-43.555599,2013-10-04 13:36:46.890000+00:00,-22.903088,-43.554989,-43.555046,-43.555012,-43.556202,2013-10-04 14:21:56.090000+00:00,2013-10-04 14:19:09.130000+00:00,2013-10-04 14:27:08.810000+00:00,2013-10-04 14:24:42.993000+00:00,-43.555622,-43.555641,-22.903097,D86016,-43.555649,2013-10-04 13:58:26.713000+00:00,2013-10-04 13:55:16.253000+00:00,2013-10-04 13:06:36.017000+00:00,2013-10-04 12:59:33.357000+00:00,-43.555584,10,-43.555527,2013-10-04 13:52:21.537000+00:00,2013-10-04 13:49:32.983000+00:00,2013-10-04 13:46:44.967000+00:00,-43.555492,2013-10-04 13:39:18.733000+00:00,884,2013-10-04 13:33:58.357000+00:00,2013-10-04 13:31:04.323000+00:00,2013-10-04 14:03:51.790000+00:00,-43.555698,2013-10-04 14:00:40.140000+00:00,2013-10-04 12:42:50.353 UTC,-43.555584,2013-10-04 14:16:23.200000+00:00,-22.902983,-22.902754,2013-10-04 14:08:17.653000+00:00,-22.901594,-22.903109,-43.55563,12490426,-43.555565,-43.555641,12,11,2013-10-04 13:43:46.573000+00:00,-43.55563,-22.902966,Data/Hora - 04/10/2013 12:37:46<br /><br /> Velocidade: 11 Km/h,-22.903072,-22.903036,884 - D86016,-43.555641,-22.903101,-22.903019,-43.555614,-22.903027,-43.555729,-43.555584,-22.901501,-22.902527,-22.901421,-22.901428,-22.903069,-22.90299,-22.902943,-22.903088
2013,4,0.0170772,650,-22.81534,-43.284634,2013-10-04 13:41:30.060000+00:00,-22.81534,-43.374985,-43.375114,-43.374901,-43.373764,2013-10-04 15:33:40.487000+00:00,2013-10-04 15:31:35.570000+00:00,2013-10-04 15:44:39.553000+00:00,2013-10-04 15:39:50.250000+00:00,-43.362045,-43.35796,-22.81534,B11624,-43.356365,2013-10-04 14:50:59.200000+00:00,2013-10-04 14:46:48.380000+00:00,2013-10-04 13:31:04.323000+00:00,2013-10-04 13:06:36.017000+00:00,-43.284634,10,-43.232143,2013-10-04 14:44:40.623000+00:00,2013-10-04 14:16:23.200000+00:00,2013-10-04 14:13:22.260000+00:00,-43.232143,2013-10-04 13:43:46.573000+00:00,378,2013-10-04 13:36:46.890000+00:00,2013-10-04 13:33:58.357000+00:00,2013-10-04 14:55:13.143000+00:00,-43.37233,2013-10-04 14:53:18.333000+00:00,2013-10-04 12:59:33.357 UTC,-43.232143,2013-10-04 15:03:43.663000+00:00,-23.405643,-23.405643,2013-10-04 14:57:19.267000+00:00,-22.81534,-23.259026,-43.373764,12500460,-43.232143,-43.373699,12,227,2013-10-04 13:46:44.967000+00:00,-43.375164,-22.866142,Data/Hora - 04/10/2013 12:56:28<br /><br /> Velocidade: 227 Km/h,-22.81534,-23.405643,378 - B11624,-43.284634,-22.864641,-22.867558,-43.232143,-23.405643,-43.284634,-43.189632,-22.864832,-22.865496,-22.865669,-22.865076,-22.867802,-22.862833,-22.865479,-22.865601
2013,4,0.00938387,465,-22.903963,-43.203842,2013-10-04 14:08:17.653000+00:00,-22.903206,-37.148472,-37.148472,-37.148472,-37.148472,2013-10-04 14:53:18.333000+00:00,2013-10-04 14:50:59.200000+00:00,2013-10-04 14:57:19.267000+00:00,2013-10-04 14:55:13.143000+00:00,-43.174332,-43.177425,-22.912004,C82532,-43.182388,2013-10-04 14:27:08.810000+00:00,2013-10-04 14:24:42.993000+00:00,2013-10-04 13:58:26.713000+00:00,2013-10-04 13:55:16.253000+00:00,-43.20332,10,-43.237045,2013-10-04 14:21:56.090000+00:00,2013-10-04 14:19:09.130000+00:00,2013-10-04 14:16:23.200000+00:00,-43.366909,2013-10-04 14:10:33.163000+00:00,363,2013-10-04 14:03:51.790000+00:00,2013-10-04 14:00:40.140000+00:00,2013-10-04 14:38:35.960000+00:00,-43.172508,2013-10-04 14:29:27.237000+00:00,2013-10-04 12:42:50.353 UTC,-43.259262,2013-10-04 14:46:48.380000+00:00,-22.911398,-22.910601,2013-10-04 14:44:40.623000+00:00,-22.884651,-22.913643,-37.148472,12487275,-43.246792,-37.148472,12,22,2013-10-04 14:13:22.260000+00:00,-43.172722,-22.90173,Data/Hora - 04/10/2013 12:37:31<br /><br /> Velocidade: 22 Km/h,-22.914246,-22.90942,363 - C82532,-43.215542,-22.901937,-22.900928,-43.233269,-22.90959,-43.222233,-43.227245,-27.281067,-27.281067,-27.281067,-27.281067,-22.902966,-22.903582,-27.281067,-27.281067
2013,4,0.00938387,465,-22.900928,-37.148472,2013-10-04 14:44:40.623000+00:00,-22.901937,-37.148472,-37.148472,-37.148472,-37.148472,2013-10-04 15:26:47.913000+00:00,2013-10-04 15:24:04.257000+00:00,2013-10-04 15:33:40.487000+00:00,2013-10-04 15:31:35.570000+00:00,-37.148472,-37.148472,-22.903582,C82532,-37.148472,2013-10-04 15:08:01.763000+00:00,2013-10-04 15:03:43.663000+00:00,2013-10-04 14:27:08.810000+00:00,2013-10-04 14:24:42.993000+00:00,-37.148472,10,-43.172508,2013-10-04 14:57:19.267000+00:00,2013-10-04 14:55:13.143000+00:00,2013-10-04 14:53:18.333000+00:00,-43.366909,2013-10-04 14:46:48.380000+00:00,363,2013-10-04 14:38:35.960000+00:00,2013-10-04 14:29:27.237000+00:00,2013-10-04 15:12:36.883000+00:00,-37.148472,2013-10-04 15:10:09.310000+00:00,2013-10-04 12:42:50.353 UTC,-43.177425,2013-10-04 15:19:09.797000+00:00,-27.281067,-27.281067,2013-10-04 15:14:56.090000+00:00,-22.884651,-27.281067,-37.148472,12487275,-43.174332,-37.148472,12,22,2013-10-04 14:50:59.200000+00:00,-37.148472,-27.281067,Data/Hora - 04/10/2013 12:37:31<br /><br /> Velocidade: 22 Km/h,-22.902966,-27.281067,363 - C82532,-37.148472,-27.281067,-27.281067,-43.172722,-27.281067,-37.148472,-37.148472,-27.281067,-27.281067,-27.281067,-27.281067,-27.281067,-27.281067,-27.281067,-27.281067
2013,4,0.00938387,465,-27.281067,-37.148472,2013-10-04 15:14:56.090000+00:00,-27.281067,-37.148472,-37.148472,-37.148472,-37.148472,2013-10-04 15:59:32.620000+00:00,2013-10-04 15:56:21.023000+00:00,2013-10-04 16:06:23.863000+00:00,2013-10-04 16:03:10.053000+00:00,-37.148472,-37.148472,-27.281067,C82532,-37.148472,2013-10-04 15:39:50.250000+00:00,2013-10-04 15:36:46.177000+00:00,2013-10-04 15:08:01.763000+00:00,2013-10-04 15:03:43.663000+00:00,-37.148472,10,-37.148472,2013-10-04 15:33:40.487000+00:00,2013-10-04 15:31:35.570000+00:00,2013-10-04 15:26:47.913000+00:00,-43.366909,2013-10-04 15:19:09.797000+00:00,363,2013-10-04 15:12:36.883000+00:00,2013-10-04 15:10:09.310000+00:00,2013-10-04 15:46:49.637000+00:00,-37.148472,2013-10-04 15:44:39.553000+00:00,2013-10-04 12:42:50.353 UTC,-37.148472,2013-10-04 15:53:26.537000+00:00,-27.281067,-27.281067,2013-10-04 15:50:52.827000+00:00,-22.884651,-27.281067,-37.148472,12487275,-37.148472,-37.148472,12,22,2013-10-04 15:24:04.257000+00:00,-37.148472,-27.281067,Data/Hora - 04/10/2013 12:37:31<br /><br /> Velocidade: 22 Km/h,-27.281067,-27.281067,363 - C82532,-37.148472,-27.281067,-27.281067,-37.148472,-27.281067,-37.148472,-37.148472,-27.281067,-27.281067,-27.281067,-27.281067,-27.281067,-27.281067,-27.281067,-27.281067
2013,4,0.00938387,465,-27.281067,-37.148472,2013-10-04 15:50:52.827000+00:00,-27.281067,-43.172379,-43.323406,-43.33094,-43.344109,2013-10-04 16:40:29.663000+00:00,2013-10-04 16:35:37.943000+00:00,2013-10-04 17:51:35.777000+00:00,2013-10-04 16:45:35.423000+00:00,-43.368099,-37.148472,-27.281067,C82532,-37.148472,2013-10-04 16:16:41.087000+00:00,2013-10-04 16:09:47.900000+00:00,2013-10-04 15:39:50.250000+00:00,2013-10-04 15:36:46.177000+00:00,-37.148472,10,-37.148472,2013-10-04 16:06:23.863000+00:00,2013-10-04 16:03:10.053000+00:00,2013-10-04 15:59:32.620000+00:00,-43.366909,2013-10-04 15:53:26.537000+00:00,363,2013-10-04 15:46:49.637000+00:00,2013-10-04 15:44:39.553000+00:00,2013-10-04 16:23:30.773000+00:00,-43.367416,2013-10-04 16:18:54.803000+00:00,2013-10-04 12:42:50.353 UTC,-37.148472,2013-10-04 16:33:30.647000+00:00,-27.281067,-27.281067,2013-10-04 16:28:01.803000+00:00,-22.884651,-27.281067,-43.357243,12487275,-37.148472,-43.357128,12,22,2013-10-04 15:56:21.023000+00:00,-43.359814,-27.281067,Data/Hora - 04/10/2013 12:37:31<br /><br /> Velocidade: 22 Km/h,-27.281067,-27.281067,363 - C82532,-37.148472,-22.882841,-27.281067,-37.148472,-27.281067,-37.148472,-37.148472,-22.886906,-22.883078,-22.903816,-22.892464,-22.890739,-22.882874,-22.878878,-22.889929
2013,4,0.0930319,328,-22.814569,-43.187729,2013-10-04 14:46:48.380000+00:00,-22.814659,-43.187481,-43.187401,-43.18745,-43.187302,2013-10-04 15:46:49.637000+00:00,2013-10-04 15:44:39.553000+00:00,2013-10-04 15:53:26.537000+00:00,2013-10-04 15:50:52.827000+00:00,-43.187649,-43.187649,-22.81459,B10051,-43.187561,2013-10-04 15:10:09.310000+00:00,2013-10-04 15:08:01.763000+00:00,2013-10-04 14:36:21.003000+00:00,2013-10-04 14:32:03.757000+00:00,-43.187469,10,-43.187439,2013-10-04 15:03:43.663000+00:00,2013-10-04 14:57:19.267000+00:00,2013-10-04 14:55:13.143000+00:00,-43.260841,2013-10-04 14:50:59.200000+00:00,915,2013-10-04 14:44:40.623000+00:00,2013-10-04 14:38:35.960000+00:00,2013-10-04 15:33:40.487000+00:00,-43.187279,2013-10-04 15:31:35.570000+00:00,2013-10-04 12:42:50.353 UTC,-43.187149,2013-10-04 15:39:50.250000+00:00,-22.81455,-22.814581,2013-10-04 15:36:46.177000+00:00,-22.80785,-22.814711,-43.187489,12490542,-43.187309,-43.18734,12,0,2013-10-04 14:53:18.333000+00:00,-43.187092,-22.81436,Data/Hora - 04/10/2013 12:37:02<br /><br /> Velocidade: 0 Km/h,-22.81465,-22.814569,915 - B10051,-43.18729,-22.814461,-22.814461,-43.187302,-22.814711,-43.187119,-43.187531,-22.814699,-22.81431,-22.81451,-22.81473,-22.81436,-22.8144,-22.814369,-22.81444
2013,4,0.0970276,328,-22.814461,-43.18745,2013-10-04 15:36:46.177000+00:00,-22.814461,-43.187511,-43.187511,-43.187511,-43.187752,2013-10-04 23:50:08.487000+00:00,2013-10-04 23:26:41.817000+00:00,2013-10-04 23:56:32.120000+00:00,2013-10-04 23:52:42.820000+00:00,-43.187469,-43.187561,-22.8144,B10051,-43.187481,2013-10-04 15:59:32.620000+00:00,2013-10-04 15:56:21.023000+00:00,2013-10-04 15:10:09.310000+00:00,2013-10-04 15:08:01.763000+00:00,-43.187401,10,-43.187279,2013-10-04 15:53:26.537000+00:00,2013-10-04 15:50:52.827000+00:00,2013-10-04 15:46:49.637000+00:00,-43.260841,2013-10-04 15:39:50.250000+00:00,915,2013-10-04 15:33:40.487000+00:00,2013-10-04 15:31:35.570000+00:00,2013-10-04 16:06:23.863000+00:00,-43.187481,2013-10-04 16:03:10.053000+00:00,2013-10-04 12:42:50.353 UTC,-43.187649,2013-10-04 17:51:35.777000+00:00,-22.81431,-22.814369,2013-10-04 16:45:35.423000+00:00,-22.80785,-22.81444,-43.187481,12490542,-43.187649,-43.187481,12,0,2013-10-04 15:44:39.553000+00:00,-43.187481,-22.81451,Data/Hora - 04/10/2013 12:37:02<br /><br /> Velocidade: 0 Km/h,-22.81436,-22.81473,915 - B10051,-43.187302,-22.8146,-22.81448,-43.187092,-22.814699,-43.187489,-43.18734,-22.814329,-22.81461,-22.814329,-22.814329,-22.81444,-22.81444,-22.81444,-22.81444
2013,4,0.0921029,2342,-22.87034,-43.17231,2013-10-04 13:36:46.890000+00:00,-22.896191,-43.20961,-43.20961,-43.20961,-43.20961,2013-10-04 14:32:03.757000+00:00,2013-10-04 14:29:27.237000+00:00,2013-10-04 14:38:35.960000+00:00,2013-10-04 14:36:21.003000+00:00,-43.20961,-43.20961,-22.90966,B28501,-43.20961,2013-10-04 14:16:23.200000+00:00,2013-10-04 14:13:22.260000+00:00,2013-10-04 13:06:36.017000+00:00,2013-10-04 12:59:33.357000+00:00,-43.20961,10,-43.176769,2013-10-04 14:10:33.163000+00:00,2013-10-04 14:08:17.653000+00:00,2013-10-04 13:46:44.967000+00:00,-43.211498,2013-10-04 13:41:30.060000+00:00,329,2013-10-04 13:33:58.357000+00:00,2013-10-04 13:31:04.323000+00:00,2013-10-04 14:21:56.090000+00:00,-43.20961,2013-10-04 14:19:09.130000+00:00,2013-10-04 12:42:50.353 UTC,-43.246941,2013-10-04 14:27:08.810000+00:00,-22.908661,-22.90909,2013-10-04 14:24:42.993000+00:00,-22.80517,-22.909109,-43.20961,12493219,-43.214531,-43.20961,12,0,2013-10-04 13:43:46.573000+00:00,-43.20961,-22.907749,Data/Hora - 04/10/2013 12:37:07<br /><br /> Velocidade: 0 Km/h,-22.908979,-22.907749,329 - B28501,-43.170059,-22.907749,-22.907749,-43.171612,-22.90852,-43.171268,-43.171211,-22.907749,-22.907749,-22.907749,-22.907749,-22.907749,-22.907749,-22.907749,-22.907749
2013,4,0.0885496,634,-22.815741,-43.187241,2013-10-04 13:36:46.890000+00:00,-22.815729,-43.187241,-43.187248,-43.18721,-43.187222,2013-10-04 14:16:23.200000+00:00,2013-10-04 14:13:22.260000+00:00,2013-10-04 14:21:56.090000+00:00,2013-10-04 14:19:09.130000+00:00,-43.187248,-43.187241,-22.81546,B10192,-43.187241,2013-10-04 13:58:26.713000+00:00,2013-10-04 13:55:16.253000+00:00,2013-10-04 13:06:36.017000+00:00,2013-10-04 12:59:33.357000+00:00,-43.187241,10,-43.187248,2013-10-04 13:52:21.537000+00:00,2013-10-04 13:49:32.983000+00:00,2013-10-04 13:46:44.967000+00:00,-43.186859,2013-10-04 13:41:30.060000+00:00,924,2013-10-04 13:33:58.357000+00:00,2013-10-04 13:31:04.323000+00:00,2013-10-04 14:03:51.790000+00:00,-43.18726,2013-10-04 14:00:40.140000+00:00,2013-10-04 12:42:50.353 UTC,-43.186821,2013-10-04 14:10:33.163000+00:00,-22.81542,-22.815479,2013-10-04 14:08:17.653000+00:00,-22.81571,-22.815479,-43.18721,12489171,-43.186859,-43.187241,12,0,2013-10-04 13:43:46.573000+00:00,-43.187248,-22.81551,Data/Hora - 04/10/2013 12:36:41<br /><br /> Velocidade: 0 Km/h,-22.81546,-22.815479,924 - B10192,-43.187241,-22.8155,-22.815571,-43.187241,-22.815479,-43.18726,-43.18726,-22.815559,-22.815451,-22.815439,-22.815411,-22.815451,-22.81547,-22.815451,-22.81547
2013,4,0.0878778,634,-22.815571,-43.18721,2013-10-04 14:08:17.653000+00:00,-22.8155,-43.187248,-43.187241,-43.187229,-43.187241,2013-10-04 14:46:48.380000+00:00,2013-10-04 14:44:40.623000+00:00,2013-10-04 14:53:18.333000+00:00,2013-10-04 14:50:59.200000+00:00,-43.187222,-43.18721,-22.81547,B10192,-43.187241,2013-10-04 14:27:08.810000+00:00,2013-10-04 14:24:42.993000+00:00,2013-10-04 13:58:26.713000+00:00,2013-10-04 13:55:16.253000+00:00,-43.187248,10,-43.18726,2013-10-04 14:21:56.090000+00:00,2013-10-04 14:19:09.130000+00:00,2013-10-04 14:16:23.200000+00:00,-43.186859,2013-10-04 14:10:33.163000+00:00,924,2013-10-04 14:03:51.790000+00:00,2013-10-04 14:00:40.140000+00:00,2013-10-04 14:32:03.757000+00:00,-43.187229,2013-10-04 14:29:27.237000+00:00,2013-10-04 12:42:50.353 UTC,-43.187241,2013-10-04 14:38:35.960000+00:00,-22.815451,-22.815451,2013-10-04 14:36:21.003000+00:00,-22.81571,-22.81547,-43.187241,12489171,-43.187248,-43.187222,12,0,2013-10-04 14:13:22.260000+00:00,-43.187222,-22.815439,Data/Hora - 04/10/2013 12:36:41<br /><br /> Velocidade: 0 Km/h,-22.815451,-22.815411,924 - B10192,-43.187222,-22.815479,-22.8155,-43.187248,-22.815559,-43.18721,-43.187241,-22.815451,-22.81547,-22.815439,-22.815451,-22.81547,-22.81547,-22.81543,-22.81546
2013,4,0.0901957,634,-22.8155,-43.187229,2013-10-04 14:36:21.003000+00:00,-22.815479,-43.187309,-43.187519,-43.18742,-43.187489,2013-10-04 15:19:09.797000+00:00,2013-10-04 15:14:56.090000+00:00,2013-10-04 15:26:47.913000+00:00,2013-10-04 15:24:04.257000+00:00,-43.187241,-43.187248,-22.81547,B10192,-43.187248,2013-10-04 14:57:19.267000+00:00,2013-10-04 14:55:13.143000+00:00,2013-10-04 14:27:08.810000+00:00,2013-10-04 14:24:42.993000+00:00,-43.187241,10,-43.187229,2013-10-04 14:53:18.333000+00:00,2013-10-04 14:50:59.200000+00:00,2013-10-04 14:46:48.380000+00:00,-43.186859,2013-10-04 14:38:35.960000+00:00,924,2013-10-04 14:32:03.757000+00:00,2013-10-04 14:29:27.237000+00:00,2013-10-04 15:08:01.763000+00:00,-43.18726,2013-10-04 15:03:43.663000+00:00,2013-10-04 12:42:50.353 UTC,-43.18721,2013-10-04 15:12:36.883000+00:00,-22.81547,-22.81543,2013-10-04 15:10:09.310000+00:00,-22.81571,-22.81546,-43.187481,12489171,-43.187222,-43.187519,12,0,2013-10-04 14:44:40.623000+00:00,-43.187229,-22.815439,Data/Hora - 04/10/2013 12:36:41<br /><br /> Velocidade: 0 Km/h,-22.81547,-22.815451,924 - B10192,-43.187241,-22.815439,-22.815439,-43.187222,-22.815451,-43.187241,-43.187222,-22.81484,-22.81485,-22.815081,-22.814831,-22.815439,-22.81543,-22.81481,-22.81489
2013,4,0.0880882,634,-22.815439,-43.18742,2013-10-04 15:10:09.310000+00:00,-22.815439,-43.18737,-43.18737,-43.187359,-43.187359,2013-10-04 15:53:26.537000+00:00,2013-10-04 15:50:52.827000+00:00,2013-10-04 15:59:32.620000+00:00,2013-10-04 15:56:21.023000+00:00,-43.187351,-43.18737,-22.81543,B10192,-43.187309,2013-10-04 15:33:40.487000+00:00,2013-10-04 15:31:35.570000+00:00,2013-10-04 14:57:19.267000+00:00,2013-10-04 14:55:13.143000+00:00,-43.187519,10,-43.18726,2013-10-04 15:26:47.913000+00:00,2013-10-04 15:24:04.257000+00:00,2013-10-04 15:19:09.797000+00:00,-43.186859,2013-10-04 15:12:36.883000+00:00,924,2013-10-04 15:08:01.763000+00:00,2013-10-04 15:03:43.663000+00:00,2013-10-04 15:39:50.250000+00:00,-43.187328,2013-10-04 15:36:46.177000+00:00,2013-10-04 12:42:50.353 UTC,-43.187248,2013-10-04 15:46:49.637000+00:00,-22.81485,-22.81481,2013-10-04 15:44:39.553000+00:00,-22.81571,-22.81489,-43.18734,12489171,-43.187241,-43.18734,12,0,2013-10-04 15:14:56.090000+00:00,-43.187351,-22.815081,Data/Hora - 04/10/2013 12:36:41<br /><br /> Velocidade: 0 Km/h,-22.815439,-22.814831,924 - B10192,-43.187489,-22.81513,-22.81513,-43.187229,-22.81484,-43.187481,-43.187519,-22.815149,-22.81514,-22.815121,-22.815109,-22.815149,-22.81513,-22.81513,-22.8151
2013,4,0.0886786,634,-22.81513,-43.187359,2013-10-04 15:44:39.553000+00:00,-22.81513,-43.18734,-43.187359,-43.18737,-43.187359,2013-10-04 16:28:01.803000+00:00,2013-10-04 16:26:03.080000+00:00,2013-10-04 16:33:30.647000+00:00,2013-10-04 16:30:55.673000+00:00,-43.187389,-43.187359,-22.81513,B10192,-43.18737,2013-10-04 16:06:23.863000+00:00,2013-10-04 16:03:10.053000+00:00,2013-10-04 15:33:40.487000+00:00,2013-10-04 15:31:35.570000+00:00,-43.18737,10,-43.187328,2013-10-04 15:59:32.620000+00:00,2013-10-04 15:56:21.023000+00:00,2013-10-04 15:53:26.537000+00:00,-43.186859,2013-10-04 15:46:49.637000+00:00,924,2013-10-04 15:39:50.250000+00:00,2013-10-04 15:36:46.177000+00:00,2013-10-04 16:12:52.230000+00:00,-43.187359,2013-10-04 16:09:47.900000+00:00,2013-10-04 12:42:50.353 UTC,-43.18737,2013-10-04 16:18:54.803000+00:00,-22.81514,-22.81513,2013-10-04 16:16:41.087000+00:00,-22.81571,-22.8151,-43.187359,12489171,-43.187351,-43.187359,12,0,2013-10-04 15:50:52.827000+00:00,-43.187389,-22.815121,Data/Hora - 04/10/2013 12:36:41<br /><br /> Velocidade: 0 Km/h,-22.815149,-22.815109,924 - B10192,-43.187359,-22.81513,-22.815109,-43.187351,-22.815149,-43.18734,-43.18734,-22.81513,-22.815069,-22.815109,-22.815161,-22.815149,-22.815109,-22.81514,-22.81513
2013,4,0.0998074,125,-22.9777,-43.1929,2013-10-04 15:36:46.177000+00:00,-22.9777,-43.1929,-43.1929,-43.1929,-43.1929,2013-10-04 16:28:01.803000+00:00,2013-10-04 16:26:03.080000+00:00,2013-10-04 16:33:30.647000+00:00,2013-10-04 16:30:55.673000+00:00,-43.1929,-43.1929,-22.9777,A41839,-43.1929,2013-10-04 15:59:32.620000+00:00,2013-10-04 15:56:21.023000+00:00,2013-10-04 15:26:47.913000+00:00,2013-10-04 15:19:09.797000+00:00,-43.1929,10,-43.1929,2013-10-04 15:53:26.537000+00:00,2013-10-04 15:50:52.827000+00:00,2013-10-04 15:46:49.637000+00:00,-43.1757,2013-10-04 15:39:50.250000+00:00,2017,2013-10-04 15:33:40.487000+00:00,2013-10-04 15:31:35.570000+00:00,2013-10-04 16:09:47.900000+00:00,-43.1929,2013-10-04 16:06:23.863000+00:00,2013-10-04 12:42:50.353 UTC,-43.1929,2013-10-04 16:16:41.087000+00:00,-22.9777,-22.9777,2013-10-04 16:12:52.230000+00:00,-22.9521,-22.9777,-43.1929,12492423,-43.1929,-43.1929,12,14,2013-10-04 15:44:39.553000+00:00,-43.1929,-22.9777,Data/Hora - 04/10/2013 12:35:19<br /><br /> Velocidade: 14 Km/h,-22.9777,-22.9777,2017 - A41839,-43.1929,-22.9777,-22.9777,-43.1929,-22.9777,-43.1929,-43.1929,-22.9777,-22.9777,-22.9777,-22.9777,-22.9777,-22.9777,-22.9777,-22.9777
2013,4,0.0962752,125,-22.9777,-43.1929,2013-10-04 16:12:52.230000+00:00,-22.9777,-43.1929,-43.1929,-43.1929,-43.1929,2013-10-04 23:04:08.660000+00:00,2013-10-04 22:59:33.393000+00:00,2013-10-04 23:10:16.447000+00:00,2013-10-04 23:06:40.747000+00:00,-43.1929,-43.1929,-22.9777,A41839,-43.1929,2013-10-04 16:40:29.663000+00:00,2013-10-04 16:35:37.943000+00:00,2013-10-04 15:59:32.620000+00:00,2013-10-04 15:56:21.023000+00:00,-43.1929,10,-43.1929,2013-10-04 16:33:30.647000+00:00,2013-10-04 16:30:55.673000+00:00,2013-10-04 16:28:01.803000+00:00,-43.1757,2013-10-04 16:16:41.087000+00:00,2017,2013-10-04 16:09:47.900000+00:00,2013-10-04 16:06:23.863000+00:00,2013-10-04 17:51:35.777000+00:00,-43.1929,2013-10-04 16:45:35.423000+00:00,2013-10-04 12:42:50.353 UTC,-43.1929,2013-10-04 18:44:54.553000+00:00,-22.9777,-22.9777,2013-10-04 17:55:08.773000+00:00,-22.9521,-22.9777,-43.1929,12492423,-43.1929,-43.1929,12,14,2013-10-04 16:26:03.080000+00:00,-43.1929,-22.9777,Data/Hora - 04/10/2013 12:35:19<br /><br /> Velocidade: 14 Km/h,-22.9777,-22.9777,2017 - A41839,-43.1929,-22.9777,-22.9777,-43.1929,-22.9777,-43.1929,-43.1929,-22.9777,-22.9777,-22.9777,-22.9777,-22.9777,-22.9777,-22.9777,-22.9777
2013,4,0.0957694,125,-22.9777,-43.1929,2013-10-04 17:55:08.773000+00:00,-22.9777,-43.1929,-43.1929,-43.1929,-43.1929,2013-10-04 23:38:41.397000+00:00,2013-10-04 23:35:35.293000+00:00,2013-10-04 23:46:27.780000+00:00,2013-10-04 23:43:48.313000+00:00,-43.1929,-43.1929,-22.9777,A41839,-43.1929,2013-10-04 23:15:52.163000+00:00,2013-10-04 23:12:49.020000+00:00,2013-10-04 16:40:29.663000+00:00,2013-10-04 16:35:37.943000+00:00,-43.1929,10,-43.1929,2013-10-04 23:10:16.447000+00:00,2013-10-04 23:06:40.747000+00:00,2013-10-04 23:04:08.660000+00:00,-43.1757,2013-10-04 18:44:54.553000+00:00,2017,2013-10-04 17:51:35.777000+00:00,2013-10-04 16:45:35.423000+00:00,2013-10-04 23:24:03.803000+00:00,-43.1929,2013-10-04 23:18:42.690000+00:00,2013-10-04 12:42:50.353 UTC,-43.1929,2013-10-04 23:33:11.963000+00:00,-22.9777,-22.9777,2013-10-04 23:26:41.817000+00:00,-22.9521,-22.9777,-43.1929,12492423,-43.1929,-43.1929,12,14,2013-10-04 22:59:33.393000+00:00,-43.1929,-22.9777,Data/Hora - 04/10/2013 12:35:19<br /><br /> Velocidade: 14 Km/h,-22.9777,-22.9777,2017 - A41839,-43.1929,-22.9777,-22.9777,-43.1929,-22.9777,-43.1929,-43.1929,-22.9777,-22.9777,-22.9777,-22.9777,-22.9777,-22.9777,-22.9777,-22.9777
2013,4,0.00938387,465,-22.83737,-43.285465,2013-10-04 13:36:46.890000+00:00,-22.83737,-58.062687,-58.062687,-58.062687,-58.062687,2013-10-04 23:04:08.660000+00:00,2013-10-04 22:59:33.393000+00:00,2013-10-04 23:10:16.447000+00:00,2013-10-04 23:06:40.747000+00:00,-43.283806,-43.283482,-22.83737,B58110,-43.283302,2013-10-04 16:40:29.663000+00:00,2013-10-04 16:35:37.943000+00:00,2013-10-04 13:06:36.017000+00:00,2013-10-04 12:59:33.357000+00:00,-43.285465,10,-43.285465,2013-10-04 16:33:30.647000+00:00,2013-10-04 13:49:32.983000+00:00,2013-10-04 13:46:44.967000+00:00,-43.285465,2013-10-04 13:41:30.060000+00:00,313,2013-10-04 13:33:58.357000+00:00,2013-10-04 13:31:04.323000+00:00,2013-10-04 17:51:35.777000+00:00,-43.275829,2013-10-04 16:45:35.423000+00:00,2013-10-04 12:42:50.353 UTC,-43.285465,2013-10-04 18:44:54.553000+00:00,-22.83737,-22.83737,2013-10-04 17:55:08.773000+00:00,-22.83737,-22.83737,-26.751156,12493469,-43.285465,-43.273552,12,520,2013-10-04 13:43:46.573000+00:00,-43.285854,-22.843771,Data/Hora - 04/10/2013 12:37:19<br /><br /> Velocidade: 520 Km/h,-22.83737,-22.83737,313 - B58110,-43.285465,-22.844091,-22.843822,-43.285465,-22.83737,-43.285465,-43.285465,32.371208,32.371208,32.371208,32.371208,-22.836458,-22.850737,-11.17417,-22.829241
2013,4,0.00938387,465,-22.843822,-58.062687,2013-10-04 17:55:08.773000+00:00,-22.844091,-58.062687,-58.062687,-58.062687,-58.062687,2013-10-04 23:35:35.293000+00:00,2013-10-04 23:33:11.963000+00:00,2013-10-04 23:43:48.313000+00:00,2013-10-04 23:38:41.397000+00:00,-58.062687,-58.062687,-22.850737,B58110,-58.062687,2013-10-04 23:15:52.163000+00:00,2013-10-04 23:12:49.020000+00:00,2013-10-04 16:40:29.663000+00:00,2013-10-04 16:35:37.943000+00:00,-58.062687,10,-43.275829,2013-10-04 23:10:16.447000+00:00,2013-10-04 23:06:40.747000+00:00,2013-10-04 23:04:08.660000+00:00,-43.285465,2013-10-04 18:44:54.553000+00:00,313,2013-10-04 17:51:35.777000+00:00,2013-10-04 16:45:35.423000+00:00,2013-10-04 23:24:03.803000+00:00,-58.062687,2013-10-04 23:18:42.690000+00:00,2013-10-04 12:42:50.353 UTC,-43.283482,2013-10-04 23:29:54.693000+00:00,32.371208,-11.17417,2013-10-04 23:26:41.817000+00:00,-22.83737,-22.829241,-58.062687,12493469,-43.283806,-58.062687,12,520,2013-10-04 22:59:33.393000+00:00,-58.062687,32.371208,Data/Hora - 04/10/2013 12:37:19<br /><br /> Velocidade: 520 Km/h,-22.836458,32.371208,313 - B58110,-58.062687,32.371208,32.371208,-43.285854,32.371208,-26.751156,-43.273552,32.371208,32.371208,32.371208,32.371208,32.371208,32.371208,32.371208,32.371208
2013,4,0.0833319,864,-22.903044,-43.555405,2013-10-04 15:36:46.177000+00:00,-22.903019,-43.555386,-43.555397,-43.555397,-43.555397,2013-10-04 16:18:54.803000+00:00,2013-10-04 16:16:41.087000+00:00,2013-10-04 16:28:01.803000+00:00,2013-10-04 16:23:30.773000+00:00,-43.555443,-43.55547,-22.902966,D86065,-43.555443,2013-10-04 15:59:32.620000+00:00,2013-10-04 15:56:21.023000+00:00,2013-10-04 15:26:47.913000+00:00,2013-10-04 15:24:04.257000+00:00,-43.555435,10,-43.555412,2013-10-04 15:53:26.537000+00:00,2013-10-04 15:50:52.827000+00:00,2013-10-04 15:46:49.637000+00:00,-43.604874,2013-10-04 15:39:50.250000+00:00,838,2013-10-04 15:33:40.487000+00:00,2013-10-04 15:31:35.570000+00:00,2013-10-04 16:06:23.863000+00:00,-43.555443,2013-10-04 16:03:10.053000+00:00,2013-10-04 12:42:50.353 UTC,-43.555412,2013-10-04 16:12:52.230000+00:00,-22.902958,-22.903008,2013-10-04 16:09:47.900000+00:00,-22.955936,-22.902929,-43.555405,12491153,-43.555428,-43.555405,12,2,2013-10-04 15:44:39.553000+00:00,-43.555435,-22.902979,Data/Hora - 04/10/2013 12:37:22<br /><br /> Velocidade: 2 Km/h,-22.902983,-22.902979,838 - D86065,-43.55537,-22.902958,-22.902971,-43.55547,-22.902979,-43.555435,-43.55547,-22.902987,-22.90299,-22.902975,-22.902979,-22.902929,-22.902929,-22.902994,-22.902943
2013,4,0.0982497,629,-22.827919,-43.335495,2013-10-04 13:36:46.890000+00:00,-22.827919,-43.335655,-43.335655,-43.335655,-43.335579,2013-10-04 14:16:23.200000+00:00,2013-10-04 14:13:22.260000+00:00,2013-10-04 14:21:56.090000+00:00,2013-10-04 14:19:09.130000+00:00,-43.335579,-43.335579,-22.827919,C20255,-43.335579,2013-10-04 13:58:26.713000+00:00,2013-10-04 13:55:16.253000+00:00,2013-10-04 13:06:36.017000+00:00,2013-10-04 12:59:33.357000+00:00,-43.335495,10,-43.335377,2013-10-04 13:52:21.537000+00:00,2013-10-04 13:49:32.983000+00:00,2013-10-04 13:46:44.967000+00:00,-43.335377,2013-10-04 13:39:18.733000+00:00,701,2013-10-04 13:33:58.357000+00:00,2013-10-04 13:31:04.323000+00:00,2013-10-04 14:03:51.790000+00:00,-43.335579,2013-10-04 14:00:40.140000+00:00,2013-10-04 12:42:50.353 UTC,-43.335377,2013-10-04 14:10:33.163000+00:00,-22.827921,-22.827919,2013-10-04 14:08:17.653000+00:00,-22.827919,-22.827919,-43.335579,12487784,-43.335377,-43.335579,12,0,2013-10-04 13:43:46.573000+00:00,-43.335579,-22.827885,Data/Hora - 04/10/2013 12:37:28<br /><br /> Velocidade: 0 Km/h,-22.827919,-22.827879,701 - C20255,-43.335602,-22.827885,-22.827885,-43.335377,-22.827879,-43.335377,-43.335377,-22.827932,-22.827885,-22.827932,-22.827932,-22.827885,-22.827885,-22.827885,-22.827885
2013,4,0.0956991,629,-22.827885,-43.335655,2013-10-04 14:08:17.653000+00:00,-22.827885,-43.335575,-43.335575,-43.335575,-43.335575,2013-10-04 14:46:48.380000+00:00,2013-10-04 14:44:40.623000+00:00,2013-10-04 14:53:18.333000+00:00,2013-10-04 14:50:59.200000+00:00,-43.335575,-43.335655,-22.827885,C20255,-43.335655,2013-10-04 14:27:08.810000+00:00,2013-10-04 14:24:42.993000+00:00,2013-10-04 13:58:26.713000+00:00,2013-10-04 13:55:16.253000+00:00,-43.335655,10,-43.335579,2013-10-04 14:21:56.090000+00:00,2013-10-04 14:19:09.130000+00:00,2013-10-04 14:16:23.200000+00:00,-43.335377,2013-10-04 14:10:33.163000+00:00,701,2013-10-04 14:03:51.790000+00:00,2013-10-04 14:00:40.140000+00:00,2013-10-04 14:32:03.757000+00:00,-43.335575,2013-10-04 14:29:27.237000+00:00,2013-10-04 12:42:50.353 UTC,-43.335579,2013-10-04 14:38:35.960000+00:00,-22.827885,-22.827885,2013-10-04 14:36:21.003000+00:00,-22.827919,-22.827885,-43.335575,12487784,-43.335579,-43.335575,12,0,2013-10-04 14:13:22.260000+00:00,-43.335575,-22.827932,Data/Hora - 04/10/2013 12:37:28<br /><br /> Velocidade: 0 Km/h,-22.827885,-22.827932,701 - C20255,-43.335579,-22.827896,-22.827932,-43.335579,-22.827932,-43.335579,-43.335579,-22.827896,-22.827896,-22.827896,-22.827896,-22.827896,-22.827896,-22.827896,-22.827896
2013,4,0.0825737,864,-22.902807,-43.555592,2013-10-04 14:57:19.267000+00:00,-22.902843,-43.555607,-43.555592,-43.555599,-43.555599,2013-10-04 15:50:52.827000+00:00,2013-10-04 15:46:49.637000+00:00,2013-10-04 15:56:21.023000+00:00,2013-10-04 15:53:26.537000+00:00,-43.55555,-43.555649,-22.90284,D86034,-43.555622,2013-10-04 15:24:04.257000+00:00,2013-10-04 15:19:09.797000+00:00,2013-10-04 14:50:59.200000+00:00,2013-10-04 14:46:48.380000+00:00,-43.555622,10,-43.555225,2013-10-04 15:14:56.090000+00:00,2013-10-04 15:12:36.883000+00:00,2013-10-04 15:10:09.310000+00:00,-43.530396,2013-10-04 15:03:43.663000+00:00,836,2013-10-04 14:55:13.143000+00:00,2013-10-04 14:53:18.333000+00:00,2013-10-04 15:31:35.570000+00:00,-43.555687,2013-10-04 15:26:47.913000+00:00,2013-10-04 12:59:33.357 UTC,-43.555241,2013-10-04 15:44:39.553000+00:00,-22.903112,-22.903133,2013-10-04 15:33:40.487000+00:00,-22.926582,-22.902824,-43.555576,12494248,-43.555233,-43.555607,12,45,2013-10-04 15:08:01.763000+00:00,-43.555607,-22.903051,Data/Hora - 04/10/2013 12:53:23<br /><br /> Velocidade: 45 Km/h,-22.902861,-22.903105,836 - D86034,-43.555607,-22.901628,-22.903105,-43.55521,-22.90312,-43.555576,-43.55521,-22.902893,-22.902893,-22.902905,-22.902929,-22.90291,-22.903023,-22.902937,-22.902937
2013,4,0.0768106,864,-22.902897,-43.555706,2013-10-04 14:21:56.090000+00:00,-22.902943,-43.556316,-43.555649,-43.555737,-43.555687,2013-10-04 15:10:09.310000+00:00,2013-10-04 15:08:01.763000+00:00,2013-10-04 15:14:56.090000+00:00,2013-10-04 15:12:36.883000+00:00,-43.555706,-43.555698,-22.902811,D86339,-43.555679,2013-10-04 14:50:59.200000+00:00,2013-10-04 14:46:48.380000+00:00,2013-10-04 14:13:22.260000+00:00,2013-10-04 12:59:33.357000+00:00,-43.555687,10,-43.555729,2013-10-04 14:44:40.623000+00:00,2013-10-04 14:38:35.960000+00:00,2013-10-04 14:34:22.347000+00:00,-43.555721,2013-10-04 14:24:42.993000+00:00,864,2013-10-04 14:19:09.130000+00:00,2013-10-04 14:16:23.200000+00:00,2013-10-04 14:55:13.143000+00:00,-43.555737,2013-10-04 14:53:18.333000+00:00,2013-10-04 12:42:50.353 UTC,-43.555706,2013-10-04 15:03:43.663000+00:00,-22.902885,-22.902868,2013-10-04 14:57:19.267000+00:00,-22.902897,-22.902843,-43.555679,12490067,-43.555714,-43.555721,12,0,2013-10-04 14:27:08.810000+00:00,-43.555679,-22.902929,Data/Hora - 04/10/2013 12:37:30<br /><br /> Velocidade: 0 Km/h,-22.902824,-22.902918,864 - D86339,-43.555687,-22.902914,-22.902885,-43.555729,-22.902918,-43.555698,-43.555721,-22.903015,-22.903019,-22.902071,-22.903011,-22.903065,-22.902943,-22.902987,-22.903101
2013,4,0.00938387,465,-22.862602,-43.283756,2013-10-04 15:50:52.827000+00:00,-22.854748,-7.3669434,-7.3669434,-43.28104,-43.239159,2013-10-04 18:44:54.553000+00:00,2013-10-04 17:55:08.773000+00:00,2013-10-04 23:52:42.820000+00:00,2013-10-04 23:24:03.803000+00:00,-43.267368,-43.270687,-22.851347,B58120,-43.271549,2013-10-04 16:28:01.803000+00:00,2013-10-04 16:26:03.080000+00:00,2013-10-04 15:39:50.250000+00:00,2013-10-04 15:36:46.177000+00:00,-43.281364,10,-43.270802,2013-10-04 16:18:54.803000+00:00,2013-10-04 16:12:52.230000+00:00,2013-10-04 15:59:32.620000+00:00,-43.283562,2013-10-04 15:53:26.537000+00:00,623,2013-10-04 15:46:49.637000+00:00,2013-10-04 15:44:39.553000+00:00,2013-10-04 16:33:30.647000+00:00,-43.269077,2013-10-04 16:30:55.673000+00:00,2013-10-04 12:59:33.357 UTC,-43.267921,2013-10-04 17:51:35.777000+00:00,-22.843868,-22.840694,2013-10-04 16:35:37.943000+00:00,-22.843494,-22.840128,-43.23605,12494202,-43.264111,-43.266567,12,0,2013-10-04 15:56:21.023000+00:00,-43.266586,-22.849688,Data/Hora - 04/10/2013 12:57:37<br /><br /> Velocidade: 0 Km/h,-22.848776,-22.84049,623 - B58120,-43.283611,-22.859425,-22.854219,-43.266846,-22.843445,-43.281021,-43.279865,-22.891867,-22.922216,-17.451693,-17.451693,-22.87426,-22.866341,-22.924967,-22.878927
2013,4,0.088108,634,-22.81472,-43.187141,2013-10-04 14:08:17.653000+00:00,-22.81473,-43.187019,-43.187012,-43.187019,-43.187,2013-10-04 14:46:48.380000+00:00,2013-10-04 14:44:40.623000+00:00,2013-10-04 14:53:18.333000+00:00,2013-10-04 14:50:59.200000+00:00,-43.187019,-43.187099,-22.814659,B10015,-43.187119,2013-10-04 14:27:08.810000+00:00,2013-10-04 14:24:42.993000+00:00,2013-10-04 13:58:26.713000+00:00,2013-10-04 13:55:16.253000+00:00,-43.18713,10,-43.18708,2013-10-04 14:21:56.090000+00:00,2013-10-04 14:19:09.130000+00:00,2013-10-04 14:16:23.200000+00:00,-43.237579,2013-10-04 14:10:33.163000+00:00,634,2013-10-04 14:03:51.790000+00:00,2013-10-04 14:00:40.140000+00:00,2013-10-04 14:32:03.757000+00:00,-43.187222,2013-10-04 14:29:27.237000+00:00,2013-10-04 12:42:50.353 UTC,-43.187309,2013-10-04 14:38:35.960000+00:00,-22.81469,-22.81468,2013-10-04 14:36:21.003000+00:00,-22.8396,-22.814659,-43.18697,12487051,-43.187328,-43.18729,12,13,2013-10-04 14:13:22.260000+00:00,-43.187222,-22.81469,Data/Hora - 04/10/2013 12:37:17<br /><br /> Velocidade: 13 Km/h,-22.814699,-22.81472,634 - B10015,-43.187168,-22.81469,-22.81468,-43.187149,-22.81468,-43.187119,-43.187099,-22.815491,-22.815491,-22.81547,-22.815491,-22.814671,-22.81469,-22.815571,-22.81469
2013,4,0.0937209,634,-22.81468,-43.187019,2013-10-04 14:36:21.003000+00:00,-22.81469,-43.187031,-43.18705,-43.187038,-43.18705,2013-10-04 15:19:09.797000+00:00,2013-10-04 15:14:56.090000+00:00,2013-10-04 15:26:47.913000+00:00,2013-10-04 15:24:04.257000+00:00,-43.187019,-43.187019,-22.81469,B10015,-43.187019,2013-10-04 14:57:19.267000+00:00,2013-10-04 14:55:13.143000+00:00,2013-10-04 14:27:08.810000+00:00,2013-10-04 14:24:42.993000+00:00,-43.187012,10,-43.187222,2013-10-04 14:53:18.333000+00:00,2013-10-04 14:50:59.200000+00:00,2013-10-04 14:46:48.380000+00:00,-43.237579,2013-10-04 14:38:35.960000+00:00,634,2013-10-04 14:32:03.757000+00:00,2013-10-04 14:29:27.237000+00:00,2013-10-04 15:08:01.763000+00:00,-43.187019,2013-10-04 15:03:43.663000+00:00,2013-10-04 12:42:50.353 UTC,-43.187099,2013-10-04 15:12:36.883000+00:00,-22.815491,-22.815571,2013-10-04 15:10:09.310000+00:00,-22.8396,-22.81469,-43.186989,12487051,-43.187019,-43.187031,12,13,2013-10-04 14:44:40.623000+00:00,-43.186989,-22.81547,Data/Hora - 04/10/2013 12:37:17<br /><br /> Velocidade: 13 Km/h,-22.814671,-22.815491,634 - B10015,-43.187,-22.815519,-22.815491,-43.187222,-22.815491,-43.18697,-43.18729,-22.815519,-22.815479,-22.8155,-22.81551,-22.815491,-22.81547,-22.815519,-22.81551
2013,4,0.093846,634,-22.815491,-43.187038,2013-10-04 15:10:09.310000+00:00,-22.815519,-43.186871,-43.18684,-43.186852,-43.186859,2013-10-04 15:53:26.537000+00:00,2013-10-04 15:50:52.827000+00:00,2013-10-04 15:59:32.620000+00:00,2013-10-04 15:56:21.023000+00:00,-43.186871,-43.187038,-22.81547,B10015,-43.187031,2013-10-04 15:33:40.487000+00:00,2013-10-04 15:31:35.570000+00:00,2013-10-04 14:57:19.267000+00:00,2013-10-04 14:55:13.143000+00:00,-43.18705,10,-43.187019,2013-10-04 15:26:47.913000+00:00,2013-10-04 15:24:04.257000+00:00,2013-10-04 15:19:09.797000+00:00,-43.237579,2013-10-04 15:12:36.883000+00:00,634,2013-10-04 15:08:01.763000+00:00,2013-10-04 15:03:43.663000+00:00,2013-10-04 15:39:50.250000+00:00,-43.186901,2013-10-04 15:36:46.177000+00:00,2013-10-04 12:42:50.353 UTC,-43.187019,2013-10-04 15:46:49.637000+00:00,-22.815479,-22.815519,2013-10-04 15:44:39.553000+00:00,-22.8396,-22.81551,-43.18684,12487051,-43.187019,-43.186859,12,13,2013-10-04 15:14:56.090000+00:00,-43.186878,-22.8155,Data/Hora - 04/10/2013 12:37:17<br /><br /> Velocidade: 13 Km/h,-22.815491,-22.81551,634 - B10015,-43.18705,-22.81559,-22.815491,-43.186989,-22.815519,-43.186989,-43.187031,-22.81558,-22.815571,-22.815599,-22.815571,-22.815599,-22.81562,-22.81555,-22.81558
2013,4,0.0950936,634,-22.815491,-43.186852,2013-10-04 15:44:39.553000+00:00,-22.81559,-43.18689,-43.18689,-43.186821,-43.186878,2013-10-04 16:28:01.803000+00:00,2013-10-04 16:23:30.773000+00:00,2013-10-04 16:33:30.647000+00:00,2013-10-04 16:30:55.673000+00:00,-43.186871,-43.18689,-22.81562,B10015,-43.186871,2013-10-04 16:06:23.863000+00:00,2013-10-04 16:03:10.053000+00:00,2013-10-04 15:33:40.487000+00:00,2013-10-04 15:31:35.570000+00:00,-43.18684,10,-43.186901,2013-10-04 15:59:32.620000+00:00,2013-10-04 15:56:21.023000+00:00,2013-10-04 15:53:26.537000+00:00,-43.237579,2013-10-04 15:46:49.637000+00:00,634,2013-10-04 15:39:50.250000+00:00,2013-10-04 15:36:46.177000+00:00,2013-10-04 16:12:52.230000+00:00,-43.186871,2013-10-04 16:09:47.900000+00:00,2013-10-04 12:42:50.353 UTC,-43.187038,2013-10-04 16:18:54.803000+00:00,-22.815571,-22.81555,2013-10-04 16:16:41.087000+00:00,-22.8396,-22.81558,-43.18689,12487051,-43.186871,-43.186859,12,13,2013-10-04 15:50:52.827000+00:00,-43.186871,-22.815599,Data/Hora - 04/10/2013 12:37:17<br /><br /> Velocidade: 13 Km/h,-22.815599,-22.815571,634 - B10015,-43.186859,-22.815611,-22.815611,-43.186878,-22.81558,-43.18684,-43.186859,-22.81559,-22.815689,-22.815571,-22.815559,-22.815611,-22.815599,-22.815599,-22.815559
2013,4,0.096196,634,-22.815611,-43.186821,2013-10-04 16:16:41.087000+00:00,-22.815611,-43.187462,-43.187531,-43.187569,-43.187519,2013-10-04 23:03:03.353000+00:00,2013-10-04 22:59:33.393000+00:00,2013-10-04 23:10:16.447000+00:00,2013-10-04 23:06:40.747000+00:00,-43.186871,-43.186859,-22.815599,B10015,-43.18689,2013-10-04 16:40:29.663000+00:00,2013-10-04 16:35:37.943000+00:00,2013-10-04 16:06:23.863000+00:00,2013-10-04 16:03:10.053000+00:00,-43.18689,10,-43.186871,2013-10-04 16:33:30.647000+00:00,2013-10-04 16:30:55.673000+00:00,2013-10-04 16:28:01.803000+00:00,-43.237579,2013-10-04 16:18:54.803000+00:00,634,2013-10-04 16:12:52.230000+00:00,2013-10-04 16:09:47.900000+00:00,2013-10-04 17:51:35.777000+00:00,-43.18684,2013-10-04 16:45:35.423000+00:00,2013-10-04 12:42:50.353 UTC,-43.18689,2013-10-04 18:44:54.553000+00:00,-22.815689,-22.815599,2013-10-04 17:55:08.773000+00:00,-22.8396,-22.815559,-43.18745,12487051,-43.186871,-43.18745,12,13,2013-10-04 16:23:30.773000+00:00,-43.18742,-22.815571,Data/Hora - 04/10/2013 12:37:17<br /><br /> Velocidade: 13 Km/h,-22.815611,-22.815559,634 - B10015,-43.186878,-22.81558,-22.81555,-43.186871,-22.81559,-43.18689,-43.186859,-22.81505,-22.8151,-22.81521,-22.815121,-22.81506,-22.815599,-22.81502,-22.814939
2013,4,0.093525,634,-22.81555,-43.187569,2013-10-04 17:55:08.773000+00:00,-22.81558,-43.18697,-43.186958,-43.187511,-43.187649,2013-10-04 23:35:35.293000+00:00,2013-10-04 23:33:11.963000+00:00,2013-10-04 23:43:48.313000+00:00,2013-10-04 23:38:41.397000+00:00,-43.187672,-43.18758,-22.815599,B10015,-43.187462,2013-10-04 23:15:52.163000+00:00,2013-10-04 23:12:49.020000+00:00,2013-10-04 16:40:29.663000+00:00,2013-10-04 16:35:37.943000+00:00,-43.187531,10,-43.18684,2013-10-04 23:10:16.447000+00:00,2013-10-04 23:06:40.747000+00:00,2013-10-04 23:03:03.353000+00:00,-43.237579,2013-10-04 18:44:54.553000+00:00,634,2013-10-04 17:51:35.777000+00:00,2013-10-04 16:45:35.423000+00:00,2013-10-04 23:24:03.803000+00:00,-43.18758,2013-10-04 23:18:42.690000+00:00,2013-10-04 12:42:50.353 UTC,-43.186859,2013-10-04 23:29:54.693000+00:00,-22.8151,-22.81502,2013-10-04 23:26:41.817000+00:00,-22.8396,-22.814939,-43.187519,12487051,-43.186871,-43.187561,12,13,2013-10-04 22:59:33.393000+00:00,-43.187599,-22.81521,Data/Hora - 04/10/2013 12:37:17<br /><br /> Velocidade: 13 Km/h,-22.81506,-22.815121,634 - B10015,-43.187519,-22.815029,-22.815069,-43.18742,-22.81505,-43.18745,-43.18745,-22.814739,-22.814951,-22.815281,-22.81554,-22.815029,-22.815121,-22.81513,-22.815069
2013,4,0.0496605,371,-22.9081,-43.1893,2013-10-04 13:36:46.890000+00:00,-22.9081,-43.1893,-43.1893,-43.1893,-43.1893,2013-10-04 14:16:23.200000+00:00,2013-10-04 14:13:22.260000+00:00,2013-10-04 14:21:56.090000+00:00,2013-10-04 14:19:09.130000+00:00,-43.1893,-43.1893,-22.9081,A71564,-43.1893,2013-10-04 13:58:26.713000+00:00,2013-10-04 13:55:16.253000+00:00,2013-10-04 13:06:36.017000+00:00,2013-10-04 12:59:33.357000+00:00,-43.1893,10,-43.1893,2013-10-04 13:52:21.537000+00:00,2013-10-04 13:49:32.983000+00:00,2013-10-04 13:46:44.967000+00:00,-43.1893,2013-10-04 13:41:30.060000+00:00,217,2013-10-04 13:33:58.357000+00:00,2013-10-04 13:31:04.323000+00:00,2013-10-04 14:03:51.790000+00:00,-43.1893,2013-10-04 14:00:40.140000+00:00,2013-10-04 12:42:50.353 UTC,-43.1893,2013-10-04 14:10:33.163000+00:00,-22.9081,-22.9081,2013-10-04 14:08:17.653000+00:00,-22.9081,-22.9081,-43.1893,12488262,-43.1893,-43.1893,12,42,2013-10-04 13:43:46.573000+00:00,-43.1893,-22.9081,Data/Hora - 04/10/2013 12:37:22<br /><br /> Velocidade: 42 Km/h,-22.9081,-22.9081,217 - A71564,-43.1893,-22.9081,-22.9081,-43.1893,-22.9081,-43.1893,-43.1893,-22.9081,-22.9081,-22.9081,-22.9081,-22.9081,-22.9081,-22.9081,-22.9081
2013,4,0.0497395,371,-22.9081,-43.1893,2013-10-04 14:08:17.653000+00:00,-22.9081,-43.1893,-43.1893,-43.1893,-43.1893,2013-10-04 14:50:59.200000+00:00,2013-10-04 14:48:57.403000+00:00,2013-10-04 14:55:13.143000+00:00,2013-10-04 14:53:18.333000+00:00,-43.1893,-43.1893,-22.9081,A71564,-43.1893,2013-10-04 14:29:27.237000+00:00,2013-10-04 14:24:42.993000+00:00,2013-10-04 13:58:26.713000+00:00,2013-10-04 13:55:16.253000+00:00,-43.1893,10,-43.1893,2013-10-04 14:21:56.090000+00:00,2013-10-04 14:19:09.130000+00:00,2013-10-04 14:16:23.200000+00:00,-43.1893,2013-10-04 14:10:33.163000+00:00,217,2013-10-04 14:03:51.790000+00:00,2013-10-04 14:00:40.140000+00:00,2013-10-04 14:36:21.003000+00:00,-43.1893,2013-10-04 14:32:03.757000+00:00,2013-10-04 12:42:50.353 UTC,-43.1893,2013-10-04 14:44:40.623000+00:00,-22.9081,-22.9081,2013-10-04 14:38:35.960000+00:00,-22.9081,-22.9081,-43.1893,12488262,-43.1893,-43.1893,12,42,2013-10-04 14:13:22.260000+00:00,-43.1893,-22.9081,Data/Hora - 04/10/2013 12:37:22<br /><br /> Velocidade: 42 Km/h,-22.9081,-22.9081,217 - A71564,-43.1893,-22.9081,-22.9081,-43.1893,-22.9081,-43.1893,-43.1893,-22.9081,-22.9081,-22.9081,-22.9081,-22.9081,-22.9081,-22.9081,-22.9081
2013,4,0.0497571,371,-22.9081,-43.1893,2013-10-04 14:38:35.960000+00:00,-22.9081,-43.1893,-43.1893,-43.1893,-43.1893,2013-10-04 15:26:47.913000+00:00,2013-10-04 15:19:09.797000+00:00,2013-10-04 15:33:40.487000+00:00,2013-10-04 15:31:35.570000+00:00,-43.1893,-43.1893,-22.9081,A71564,-43.1893,2013-10-04 15:03:43.663000+00:00,2013-10-04 14:57:19.267000+00:00,2013-10-04 14:29:27.237000+00:00,2013-10-04 14:24:42.993000+00:00,-43.1893,10,-43.1893,2013-10-04 14:55:13.143000+00:00,2013-10-04 14:53:18.333000+00:00,2013-10-04 14:50:59.200000+00:00,-43.1893,2013-10-04 14:44:40.623000+00:00,217,2013-10-04 14:36:21.003000+00:00,2013-10-04 14:32:03.757000+00:00,2013-10-04 15:10:09.310000+00:00,-43.1893,2013-10-04 15:08:01.763000+00:00,2013-10-04 12:42:50.353 UTC,-43.1893,2013-10-04 15:14:56.090000+00:00,-22.9081,-22.9081,2013-10-04 15:12:36.883000+00:00,-22.9081,-22.9081,-43.1893,12488262,-43.1893,-43.1893,12,42,2013-10-04 14:48:57.403000+00:00,-43.1893,-22.9081,Data/Hora - 04/10/2013 12:37:22<br /><br /> Velocidade: 42 Km/h,-22.9081,-22.9081,217 - A71564,-43.1893,-22.9081,-22.9081,-43.1893,-22.9081,-43.1893,-43.1893,-22.9081,-22.9081,-22.9081,-22.9081,-22.9081,-22.9081,-22.9081,-22.9081
2013,4,0.0497501,371,-22.9081,-43.1893,2013-10-04 15:12:36.883000+00:00,-22.9081,-43.1893,-43.1893,-43.1893,-43.1893,2013-10-04 15:59:32.620000+00:00,2013-10-04 15:56:21.023000+00:00,2013-10-04 16:09:47.900000+00:00,2013-10-04 16:06:23.863000+00:00,-43.1893,-43.1893,-22.9081,A71564,-43.1893,2013-10-04 15:39:50.250000+00:00,2013-10-04 15:36:46.177000+00:00,2013-10-04 15:03:43.663000+00:00,2013-10-04 14:57:19.267000+00:00,-43.1893,10,-43.1893,2013-10-04 15:33:40.487000+00:00,2013-10-04 15:31:35.570000+00:00,2013-10-04 15:26:47.913000+00:00,-43.1893,2013-10-04 15:14:56.090000+00:00,217,2013-10-04 15:10:09.310000+00:00,2013-10-04 15:08:01.763000+00:00,2013-10-04 15:46:49.637000+00:00,-43.1893,2013-10-04 15:44:39.553000+00:00,2013-10-04 12:42:50.353 UTC,-43.1893,2013-10-04 15:53:26.537000+00:00,-22.9081,-22.9081,2013-10-04 15:50:52.827000+00:00,-22.9081,-22.9081,-43.1893,12488262,-43.1893,-43.1893,12,42,2013-10-04 15:19:09.797000+00:00,-43.1893,-22.9081,Data/Hora - 04/10/2013 12:37:22<br /><br /> Velocidade: 42 Km/h,-22.9081,-22.9081,217 - A71564,-43.1893,-22.9081,-22.9081,-43.1893,-22.9081,-43.1893,-43.1893,-22.9081,-22.9081,-22.9081,-22.9081,-22.9081,-22.9081,-22.9081,-22.9081
2013,4,0.0497699,371,-22.9081,-43.1893,2013-10-04 15:50:52.827000+00:00,-22.9081,-43.1893,-43.1893,-43.1893,-43.1893,2013-10-04 16:35:37.943000+00:00,2013-10-04 16:33:30.647000+00:00,2013-10-04 16:45:35.423000+00:00,2013-10-04 16:40:29.663000+00:00,-43.1893,-43.1893,-22.9081,A71564,-43.1893,2013-10-04 16:16:41.087000+00:00,2013-10-04 16:12:52.230000+00:00,2013-10-04 15:39:50.250000+00:00,2013-10-04 15:36:46.177000+00:00,-43.1893,10,-43.1893,2013-10-04 16:09:47.900000+00:00,2013-10-04 16:06:23.863000+00:00,2013-10-04 15:59:32.620000+00:00,-43.1893,2013-10-04 15:53:26.537000+00:00,217,2013-10-04 15:46:49.637000+00:00,2013-10-04 15:44:39.553000+00:00,2013-10-04 16:26:03.080000+00:00,-43.1893,2013-10-04 16:18:54.803000+00:00,2013-10-04 12:42:50.353 UTC,-43.1893,2013-10-04 16:30:55.673000+00:00,-22.9081,-22.9081,2013-10-04 16:28:01.803000+00:00,-22.9081,-22.9081,-43.1893,12488262,-43.1893,-43.1893,12,42,2013-10-04 15:56:21.023000+00:00,-43.1893,-22.9081,Data/Hora - 04/10/2013 12:37:22<br /><br /> Velocidade: 42 Km/h,-22.9081,-22.9081,217 - A71564,-43.1893,-22.9081,-22.9081,-43.1893,-22.9081,-43.1893,-43.1893,-22.9081,-22.9081,-22.9081,-22.9081,-22.9081,-22.9081,-22.9081,-22.9081
2013,4,0.0504611,371,-22.9081,-43.1893,2013-10-04 16:28:01.803000+00:00,-22.9081,-43.1893,-43.1893,-43.1893,-43.1893,2013-10-04 23:12:49.020000+00:00,2013-10-04 23:10:16.447000+00:00,2013-10-04 23:18:42.690000+00:00,2013-10-04 23:15:52.163000+00:00,-43.1893,-43.1893,-22.9081,A71564,-43.1893,2013-10-04 17:55:08.773000+00:00,2013-10-04 17:51:35.777000+00:00,2013-10-04 16:16:41.087000+00:00,2013-10-04 16:12:52.230000+00:00,-43.1893,10,-43.1893,2013-10-04 16:45:35.423000+00:00,2013-10-04 16:40:29.663000+00:00,2013-10-04 16:35:37.943000+00:00,-43.1893,2013-10-04 16:30:55.673000+00:00,217,2013-10-04 16:26:03.080000+00:00,2013-10-04 16:18:54.803000+00:00,2013-10-04 22:59:33.393000+00:00,-43.1893,2013-10-04 18:44:54.553000+00:00,2013-10-04 12:42:50.353 UTC,-43.1893,2013-10-04 23:06:40.747000+00:00,-22.9081,-22.9081,2013-10-04 23:04:08.660000+00:00,-22.9081,-22.9081,-43.1893,12488262,-43.1893,-43.1893,12,42,2013-10-04 16:33:30.647000+00:00,-43.1893,-22.9081,Data/Hora - 04/10/2013 12:37:22<br /><br /> Velocidade: 42 Km/h,-22.9081,-22.9081,217 - A71564,-43.1893,-22.9081,-22.9081,-43.1893,-22.9081,-43.1893,-43.1893,-22.9081,-22.9081,-22.9081,-22.9081,-22.9081,-22.9081,-22.9081,-22.9081
2013,4,0.0501614,371,-22.9081,-43.1893,2013-10-04 23:04:08.660000+00:00,-22.9081,-43.1893,-43.1893,-43.1893,-43.1893,2013-10-04 23:46:27.780000+00:00,2013-10-04 23:43:48.313000+00:00,2013-10-04 23:52:42.820000+00:00,2013-10-04 23:50:08.487000+00:00,-43.1893,-43.1893,-22.9081,A71564,-43.1893,2013-10-04 23:26:41.817000+00:00,2013-10-04 23:24:03.803000+00:00,2013-10-04 17:55:08.773000+00:00,2013-10-04 17:51:35.777000+00:00,-43.1893,10,-43.1893,2013-10-04 23:18:42.690000+00:00,2013-10-04 23:15:52.163000+00:00,2013-10-04 23:12:49.020000+00:00,-43.1893,2013-10-04 23:06:40.747000+00:00,217,2013-10-04 22:59:33.393000+00:00,2013-10-04 18:44:54.553000+00:00,2013-10-04 23:33:11.963000+00:00,-43.1893,2013-10-04 23:29:54.693000+00:00,2013-10-04 12:42:50.353 UTC,-43.1893,2013-10-04 23:38:41.397000+00:00,-22.9081,-22.9081,2013-10-04 23:35:35.293000+00:00,-22.9081,-22.9081,-43.1893,12488262,-43.1893,-43.1893,12,42,2013-10-04 23:10:16.447000+00:00,-43.1893,-22.9081,Data/Hora - 04/10/2013 12:37:22<br /><br /> Velocidade: 42 Km/h,-22.9081,-22.9081,217 - A71564,-43.1893,-22.9081,-22.9081,-43.1893,-22.9081,-43.1893,-43.1893,-22.9081,-22.9081,-22.9081,-22.9081,-22.9081,-22.9081,-22.9081,-22.9081
2013,4,0.0854388,315,-22.89447,-43.205219,2013-10-04 14:10:33.163000+00:00,-22.88537,-43.205261,-43.2052,-43.205212,-43.205269,2013-10-04 15:12:36.883000+00:00,2013-10-04 15:08:01.763000+00:00,2013-10-04 15:24:04.257000+00:00,2013-10-04 15:19:09.797000+00:00,-43.205219,-43.205379,-22.89426,B73018,-43.205212,2013-10-04 14:44:40.623000+00:00,2013-10-04 14:36:21.003000+00:00,2013-10-04 14:00:40.140000+00:00,2013-10-04 13:58:26.713000+00:00,-43.205261,10,-43.21563,2013-10-04 14:32:03.757000+00:00,2013-10-04 14:29:27.237000+00:00,2013-10-04 14:24:42.993000+00:00,-43.32378,2013-10-04 14:13:22.260000+00:00,350,2013-10-04 14:08:17.653000+00:00,2013-10-04 14:03:51.790000+00:00,2013-10-04 14:53:18.333000+00:00,-43.20525,2013-10-04 14:48:57.403000+00:00,2013-10-04 12:42:50.353 UTC,-43.239269,2013-10-04 15:03:43.663000+00:00,-22.896879,-22.89687,2013-10-04 14:57:19.267000+00:00,-22.83996,-22.89707,-43.205219,12493444,-43.22649,-43.205238,12,30,2013-10-04 14:16:23.200000+00:00,-43.20525,-22.89687,Data/Hora - 04/10/2013 12:37:39<br /><br /> Velocidade: 30 Km/h,-22.898661,-22.896839,350 - B73018,-43.205261,-22.8969,-22.89673,-43.210121,-22.896879,-43.20525,-43.205582,-22.89687,-22.89687,-22.89678,-22.896879,-22.8969,-22.89686,-22.896891,-22.896879
2013,4,0.0754718,355,-22.89673,-43.205212,2013-10-04 14:57:19.267000+00:00,-22.8969,-43.205318,-43.205231,-43.20528,-43.2052,2013-10-04 16:09:47.900000+00:00,2013-10-04 15:59:32.620000+00:00,2013-10-04 16:18:54.803000+00:00,2013-10-04 16:12:52.230000+00:00,-43.205219,-43.205292,-22.89686,B73018,-43.205261,2013-10-04 15:33:40.487000+00:00,2013-10-04 15:26:47.913000+00:00,2013-10-04 14:44:40.623000+00:00,2013-10-04 14:36:21.003000+00:00,-43.2052,10,-43.20525,2013-10-04 15:24:04.257000+00:00,2013-10-04 15:19:09.797000+00:00,2013-10-04 15:12:36.883000+00:00,-43.32378,2013-10-04 15:03:43.663000+00:00,350,2013-10-04 14:53:18.333000+00:00,2013-10-04 14:48:57.403000+00:00,2013-10-04 15:44:39.553000+00:00,-43.205311,2013-10-04 15:39:50.250000+00:00,2013-10-04 12:42:50.353 UTC,-43.205379,2013-10-04 15:53:26.537000+00:00,-22.89687,-22.896891,2013-10-04 15:46:49.637000+00:00,-22.83996,-22.896879,-43.20528,12493444,-43.205219,-43.20528,12,30,2013-10-04 15:08:01.763000+00:00,-43.205299,-22.89678,Data/Hora - 04/10/2013 12:37:39<br /><br /> Velocidade: 30 Km/h,-22.8969,-22.896879,350 - B73018,-43.205269,-22.89678,-22.89679,-43.20525,-22.89687,-43.205219,-43.205238,-22.896799,-22.89679,-22.896799,-22.89682,-22.89686,-22.896761,-22.89677,-22.89677
2013,4,0.0763196,864,-22.902979,-43.555729,2013-10-04 14:03:51.790000+00:00,-22.902979,-43.565762,-43.564167,-43.561295,-43.560654,2013-10-04 15:12:36.883000+00:00,2013-10-04 15:10:09.310000+00:00,2013-10-04 15:19:09.797000+00:00,2013-10-04 15:14:56.090000+00:00,-43.555313,-43.55547,-22.902966,D86297,-43.556404,2013-10-04 14:53:18.333000+00:00,2013-10-04 14:50:59.200000+00:00,2013-10-04 13:31:04.323000+00:00,2013-10-04 13:06:36.017000+00:00,-43.555592,10,-43.555737,2013-10-04 14:46:48.380000+00:00,2013-10-04 14:44:40.623000+00:00,2013-10-04 14:38:35.960000+00:00,-43.555054,2013-10-04 14:32:03.757000+00:00,867,2013-10-04 14:00:40.140000+00:00,2013-10-04 13:33:58.357000+00:00,2013-10-04 14:57:19.267000+00:00,-43.555126,2013-10-04 14:55:13.143000+00:00,2013-10-04 12:42:50.353 UTC,-43.555786,2013-10-04 15:08:01.763000+00:00,-22.902998,-22.903008,2013-10-04 15:03:43.663000+00:00,-22.90221,-22.903015,-43.556347,12493388,-43.555786,-43.555176,12,6,2013-10-04 14:34:22.347000+00:00,-43.555134,-22.902422,Data/Hora - 04/10/2013 12:37:39<br /><br /> Velocidade: 6 Km/h,-22.90299,-22.902361,867 - D86297,-43.555729,-22.9016,-22.901623,-43.555744,-22.903004,-43.555771,-43.555752,-22.902714,-22.902584,-22.90522,-22.907015,-22.9014,-22.9014,-22.902082,-22.901522
2013,4,0.0799894,397,-22.848927,-43.385109,2013-10-04 16:09:47.900000+00:00,-22.848921,-43.309814,-43.273891,-43.248096,-43.323387,2013-10-04 18:44:54.553000+00:00,2013-10-04 17:55:08.773000+00:00,2013-10-04 23:03:03.353000+00:00,2013-10-04 22:59:33.393000+00:00,-43.384098,-43.384487,-22.852564,B11660,-43.385303,2013-10-04 16:33:30.647000+00:00,2013-10-04 16:30:55.673000+00:00,2013-10-04 15:39:50.250000+00:00,2013-10-04 15:36:46.177000+00:00,-43.384766,10,-43.3848,2013-10-04 16:28:01.803000+00:00,2013-10-04 16:26:03.080000+00:00,2013-10-04 16:18:54.803000+00:00,-43.242043,2013-10-04 16:12:52.230000+00:00,362,2013-10-04 16:06:23.863000+00:00,2013-10-04 15:46:49.637000+00:00,2013-10-04 16:40:29.663000+00:00,-43.3806,2013-10-04 16:35:37.943000+00:00,2013-10-04 12:42:50.353 UTC,-43.383724,2013-10-04 17:51:35.777000+00:00,-22.852324,-22.852226,2013-10-04 16:45:35.423000+00:00,-22.876143,-22.852129,-43.33099,12486900,-43.383724,-43.363052,12,47,2013-10-04 16:16:41.087000+00:00,-43.376255,-22.852299,Data/Hora - 04/10/2013 12:36:18<br /><br /> Velocidade: 47 Km/h,-22.852177,-22.852345,362 - B11660,-43.384766,-22.854277,-22.85284,-43.385513,-22.852234,-43.384995,-43.385368,-22.865173,-22.821745,-22.819042,-22.827227,-22.858789,-22.858801,-22.824137,-22.866158
2013,4,0.00938387,465,-26.260839,-43.371059,2013-10-04 14:46:48.380000+00:00,-26.260839,-43.366325,-43.362968,-43.37067,-43.3722,2013-10-04 16:18:54.803000+00:00,2013-10-04 16:16:41.087000+00:00,2013-10-04 16:28:01.803000+00:00,2013-10-04 16:23:30.773000+00:00,-43.371223,-43.371223,-22.857296,C82620,-43.371223,2013-10-04 15:33:40.487000+00:00,2013-10-04 15:31:35.570000+00:00,2013-10-04 13:49:32.983000+00:00,2013-10-04 13:33:58.357000+00:00,-43.371418,10,-43.371078,2013-10-04 15:03:43.663000+00:00,2013-10-04 14:57:19.267000+00:00,2013-10-04 14:55:13.143000+00:00,-44.545116,2013-10-04 14:50:59.200000+00:00,363,2013-10-04 14:21:56.090000+00:00,2013-10-04 14:19:09.130000+00:00,2013-10-04 16:06:23.863000+00:00,-43.371223,2013-10-04 16:03:10.053000+00:00,2013-10-04 13:31:04.323 UTC,-44.545116,2013-10-04 16:12:52.230000+00:00,-22.857227,-22.857328,2013-10-04 16:09:47.900000+00:00,-26.260839,-22.857182,-43.371483,12513922,-44.545116,-43.371418,13,204,2013-10-04 14:53:18.333000+00:00,-43.371223,-22.858809,Data/Hora - 04/10/2013 13:24:27<br /><br /> Velocidade: 204 Km/h,-22.857292,-22.857841,363 - C82620,-43.371059,-22.858826,-22.858809,-43.371044,-22.857311,-43.371078,-43.370995,-22.860689,-22.859928,-22.881092,-22.865711,-22.858866,-22.858797,-22.85721,-22.857218
2013,4,0.0931397,629,-22.82781,-43.335617,2013-10-04 13:36:46.890000+00:00,-22.82781,-43.335686,-43.335617,-43.335617,-43.335617,2013-10-04 14:16:23.200000+00:00,2013-10-04 14:13:22.260000+00:00,2013-10-04 14:21:56.090000+00:00,2013-10-04 14:19:09.130000+00:00,-43.335617,-43.335617,-22.82781,C20166,-43.335617,2013-10-04 13:58:26.713000+00:00,2013-10-04 13:55:16.253000+00:00,2013-10-04 13:06:36.017000+00:00,2013-10-04 12:59:33.357000+00:00,-43.335617,10,-43.335617,2013-10-04 13:52:21.537000+00:00,2013-10-04 13:49:32.983000+00:00,2013-10-04 13:46:44.967000+00:00,-43.335617,2013-10-04 13:39:18.733000+00:00,700,2013-10-04 13:33:58.357000+00:00,2013-10-04 13:31:04.323000+00:00,2013-10-04 14:03:51.790000+00:00,-43.335617,2013-10-04 14:00:40.140000+00:00,2013-10-04 12:42:50.353 UTC,-43.335617,2013-10-04 14:10:33.163000+00:00,-22.82781,-22.82781,2013-10-04 14:08:17.653000+00:00,-22.82781,-22.82781,-43.335617,12486984,-43.335617,-43.335617,12,0,2013-10-04 13:43:46.573000+00:00,-43.335617,-22.82781,Data/Hora - 04/10/2013 12:37:18<br /><br /> Velocidade: 0 Km/h,-22.82781,-22.82781,700 - C20166,-43.335617,-22.82781,-22.82781,-43.335617,-22.82781,-43.335617,-43.335617,-22.82781,-22.82781,-22.827772,-22.82781,-22.82781,-22.82781,-22.82781,-22.82781
2013,4,0.0925302,629,-22.82781,-43.335617,2013-10-04 14:08:17.653000+00:00,-22.82781,-43.335686,-43.335686,-43.335686,-43.335686,2013-10-04 14:46:48.380000+00:00,2013-10-04 14:44:40.623000+00:00,2013-10-04 14:53:18.333000+00:00,2013-10-04 14:50:59.200000+00:00,-43.335686,-43.335686,-22.82781,C20166,-43.335686,2013-10-04 14:27:08.810000+00:00,2013-10-04 14:24:42.993000+00:00,2013-10-04 13:58:26.713000+00:00,2013-10-04 13:55:16.253000+00:00,-43.335617,10,-43.335617,2013-10-04 14:21:56.090000+00:00,2013-10-04 14:19:09.130000+00:00,2013-10-04 14:16:23.200000+00:00,-43.335617,2013-10-04 14:10:33.163000+00:00,700,2013-10-04 14:03:51.790000+00:00,2013-10-04 14:00:40.140000+00:00,2013-10-04 14:32:03.757000+00:00,-43.335686,2013-10-04 14:29:27.237000+00:00,2013-10-04 12:42:50.353 UTC,-43.335617,2013-10-04 14:38:35.960000+00:00,-22.82781,-22.82781,2013-10-04 14:36:21.003000+00:00,-22.82781,-22.82781,-43.335686,12486984,-43.335617,-43.335686,12,0,2013-10-04 14:13:22.260000+00:00,-43.335686,-22.827772,Data/Hora - 04/10/2013 12:37:18<br /><br /> Velocidade: 0 Km/h,-22.82781,-22.82781,700 - C20166,-43.335617,-22.827772,-22.827772,-43.335617,-22.82781,-43.335617,-43.335617,-22.827772,-22.827772,-22.827772,-22.827772,-22.827772,-22.827772,-22.827772,-22.827772
